qid,subject,relation,n_graph_facts,graph_facts,A_frontier_answer,A_certain_correct,A_manual,B_local_answer,B_certain_correct,B_manual,C_tahi_answer,C_certain_correct,C_manual,tahi_resolved_subject,YOUR_VERDICT,NOTES
t000,Mepyramine,binds,4,CYP2D6; HRH1; SLC22A4; SLC22A5,"HRH1, CYP2D6",HRH1; CYP2D6,,"ADORA2A, ADRA1B",,ADORA2A; ADRA1B,"CYP2D6, HRH1, SLC22A4, SLC22A5",CYP2D6; HRH1; SLC22A4; SLC22A5,,Compound::DB06691,,
t001,Alvimopan,binds,3,OPRD1; OPRK1; OPRM1,"OPRM1, OPRK1, OPRD1",OPRM1; OPRK1; OPRD1,,I don't know,,,"OPRD1, OPRK1, OPRM1",OPRD1; OPRK1; OPRM1,,Compound::DB06274,,
t002,Sotalol,binds,3,ADRB1; ADRB2; KCNH2,"ADRB1, ADRB2, KCNH2",ADRB1; ADRB2; KCNH2,,"KLF14, KLF9, NKX2-5",,KLF14; KLF9; NKX2-5,"ADRB1, ADRB2, KCNH2",ADRB1; ADRB2; KCNH2,,Compound::DB00489,,
t003,Adenosine monophosphate,binds,18,ACSL1; ACSS1; ACSS2; ADCY1; ADK; AMPD1; APRT; CREB1; FBP1; HINT1; PDE4B; PDE4D; PIM1; PRKAA1; PRKAB1; PRKAB2; PYGL; SRC,"PRKAA1, PRKAA2, PRKAB1, PRKAG1, AMPD1, ADSL, ATIC, ADORA1",PRKAA1; PRKAB1; AMPD1,PRKAA2; PRKAG1; ADSL; ATIC; ADORA1,"ADORA2A, ADORA3",,ADORA2A; ADORA3,"ACSLL1, ACSS1, ACSS2, ADCY1, ADK, AMPD1, APRT, CREB1, FBP1, HINT1, PDE4B, PDE4D, PIM1, PRKAA1, PRKAB1, PRKAB2, PYGL, SRC",ACSS1; ACSS2; ADCY1; ADK; AMPD1; APRT; CREB1; FBP1; HINT1; PDE4B; PDE4D; PIM1; PRKAA1; PRKAB1; PRKAB2; PYGL; SRC,ACSLL1,Compound::DB00131,,
t004,Metoclopramide,binds,9,CHRM1; CYP11B1; CYP11B2; CYP17A1; CYP2D6; DRD2; DRD3; HTR3A; HTR4,"DRD2, DRD3, HTR4, HTR3A",DRD2; DRD3; HTR4; HTR3A,,"D2R, D3R, DRG1",,D2R; D3R; DRG1,"CHRM1, CYP11B1, CYP11B2, CYP17A1, CYP2D6, DRD2, DRD3, HTR3A, HTR4",CHRM1; CYP11B1; CYP11B2; CYP17A1; CYP2D6; DRD2; DRD3; HTR3A; HTR4,,Compound::DB01233,,
t005,Felodipine,binds,23,ABCB1; CACNA1C; CACNA1D; CACNA1H; CACNA1S; CACNA2D1; CACNA2D2; CACNB2; CALM1; CALM2; CALM3; CYP2C8; CYP2C9; CYP2D6; CYP3A4; CYP3A5; CYP3A7; CYP3A7-CYP3A51P; NR3C2; PDE1A; PDE1B; TNNC1; TNNC2,"CACNA1C, CACNA1D, CACNA1S, CACNA2D1",CACNA1C; CACNA1D; CACNA1S; CACNA2D1,,I don't know,,,"ABCB1, CACNA1C, CACNA1D, CACNA1H, CACNA1S, CACNA2D1, CACNA2D2, CACNB2, CALM1, CALM2, CALM3, CYP2C8, CYP2C9, CYP2D6, CYP3A4, CYP3A5, CYP3A7, CYP3A7-CYP3A51P, NR3C2, PDE1A, PDE1B, TNNC1, TNNC2",ABCB1; CACNA1C; CACNA1D; CACNA1H; CACNA1S; CACNA2D1; CACNA2D2; CACNB2; CALM1; CALM2; CALM3; CYP2C8; CYP2C9; CYP2D6; CYP3A4; CYP3A5; CYP3A7; CYP3A7-CYP3A51P; NR3C2; PDE1A; PDE1B; TNNC1; TNNC2,,Compound::DB01023,,
t006,nicotine dependence,associates,19,AKR1B10; ANKK1; CCAR1; CHRNA10; CHRNA3; CHRNA4; CHRNA5; CHRNA6; CHRNB2; CHRNB3; CHRNB4; CYP2A7; DRD2; FGD1; GABRA4; OPRM1; TAS2R16; WASF1; WASF2,"CHRNA5, CHRNA3, CHRNB4, CYP2A6, DRD2, ANKK1, BDNF, CHRNA4, DBH",CHRNA5; CHRNA3; CHRNB4; DRD2; ANKK1; CHRNA4,CYP2A6; BDNF; DBH,"CHRNA5, CHRNA7, CHRNB4, CHRNA6",CHRNA5; CHRNB4; CHRNA6,CHRNA7,"AKR1B10, ANKK1, CCAR1, CHRNA10, CHRNA3, CHRNA4, CHRNA5, CHRNA6, CHRNB2, CHRNB3, CHRNB4, CYP2A7, DRD2, FGD1, GABRA4, OPRM1, TAS2R16, WASF1, WASF2",AKR1B10; ANKK1; CCAR1; CHRNA10; CHRNA3; CHRNA4; CHRNA5; CHRNA6; CHRNB2; CHRNB3; CHRNB4; CYP2A7; DRD2; FGD1; GABRA4; OPRM1; TAS2R16; WASF1; WASF2,,Disease::DOID:0050742,,
t007,Ciprofloxacin,binds,7,ABCB1; CYP1A2; CYP3A4; CYP3A5; CYP3A7; CYP3A7-CYP3A51P; TOP2A,"CYP1A2, ABCB1, TOP2A, GABRA1",CYP1A2; ABCB1; TOP2A,GABRA1,Ciprofloxacin binds to several genes including: - gyrA - gyrB - parC - parE,,Ciprofloxacin binds to several genes including:; gyrA; gyrB; parC; parE,"ABCB1, CYP1A2, CYP3A4, CYP3A5, CYP3A51P, CYP3A7, TOP2A",ABCB1; CYP1A2; CYP3A4; CYP3A5; CYP3A7; TOP2A,CYP3A51P,Compound::DB00537,,
t008,Meloxicam,binds,7,ABCC4; CYP2C8; CYP2C9; CYP3A4; PGD; PTGS1; PTGS2,"PTGS2, PTGS1",PTGS2; PTGS1,,"CYP2C9, CYP2C19, VKORC1",CYP2C9,CYP2C19; VKORC1,"ABCC4, CYP2C8, CYP2C9, CYP3A4, PGD, PTGS1, PTGS2",ABCC4; CYP2C8; CYP2C9; CYP3A4; PGD; PTGS1; PTGS2,,Compound::DB00814,,
t009,Moclobemide,binds,6,CYP1A2; CYP2C19; CYP2C9; CYP2D6; MAOA; MAOB,"MAOA, MAOB",MAOA; MAOB,,"CYP2D6, CYP1A2",CYP2D6; CYP1A2,,"CYP1A2, CYP2C19, CYP2C9, CYP2D6, MAOA, MAOB",CYP1A2; CYP2C19; CYP2C9; CYP2D6; MAOA; MAOB,,Compound::DB01171,,
t010,Pipotiazine,binds,10,ALB; CYP1A2; CYP2C19; CYP2D6; CYP3A4; DRD1; DRD2; HTR1A; HTR2A; SLC22A1,"DRD2, DRD1, HTR2A, ADRA1A, HRH1, CHRM1",DRD2; DRD1; HTR2A,ADRA1A; HRH1; CHRM1,I don't know,,,"ALB, CYP1A2, CYP2C19, CYP2D6, CYP3A4, DRD1, DRD2, HTR1A, HTR2A, SLC22A1",ALB; CYP1A2; CYP2C19; CYP2D6; CYP3A4; DRD1; DRD2; HTR1A; HTR2A; SLC22A1,,Compound::DB01621,,
t011,Lomitapide,binds,3,ABCB1; CYP3A4; MTTP,MTTP,MTTP,,"JAZF1, JAZF2, JAZF3",,JAZF1; JAZF2; JAZF3,"ABCB1, CYP3A4, MTTP",ABCB1; CYP3A4; MTTP,,Compound::DB08827,,
t012,otosclerosis,associates,4,A1BG; COL1A1; RELN; TGFB1,"COL1A1, TGFB1, RELN, MEPE, SERPINF1, BMP2, BMP4",COL1A1; TGFB1; RELN,MEPE; SERPINF1; BMP2; BMP4,"SLC26A4, ITGB3, PCDH15",,SLC26A4; ITGB3; PCDH15,"A1BG, COL1A1, RELN, TGFB1",A1BG; COL1A1; RELN; TGFB1,,Disease::DOID:12185,,
t013,Alprostadil,binds,8,ABCC4; ABCC5; PTGER1; PTGER2; PTGIR; SLCO2A1; SLCO2B1; SLCO3A1,"PTGER1, PTGER2, PTGER3, PTGER4",PTGER1; PTGER2,PTGER3; PTGER4,"NOTCH3, ADAMTS10",,NOTCH3; ADAMTS10,"ABCC4, ABCC5, PTGER1, PTGER2, PTGIR, SLCO2A1, SLCO2B1, SLCO3A1",ABCC4; ABCC5; PTGER1; PTGER2; PTGIR; SLCO2A1; SLCO2B1; SLCO3A1,,Compound::DB00770,,
t014,Aminocaproic Acid,binds,3,AOX1; PLAT; PLG,"PLG, PLAT",PLG; PLAT,,"DPPC, ADAMTS13",,DPPC; ADAMTS13,"AOX1, PLAT, PLG",AOX1; PLAT; PLG,,Compound::DB00513,,
t015,Niflumic Acid,binds,8,CLCNKA; PLA2G1B; PLA2G4A; PTGS1; PTGS2; SLC16A1; SLC16A7; UGT1A9,"PTGS1, PTGS2, ANO1, CFTR",PTGS1; PTGS2,ANO1; CFTR,I don't know,,,"CLCNKA, PLA2G1B, PLA2G4A, PTGS1, PTGS2, SLC16A1, SLC16A7, UGT1A9",CLCNKA; PLA2G1B; PLA2G4A; PTGS1; PTGS2; SLC16A1; SLC16A7; UGT1A9,,Compound::DB04552,,
t016,Tramadol,binds,11,CHRM3; CYP2B6; CYP2D6; CYP3A4; GRIN3A; HTR2C; OPRD1; OPRK1; OPRM1; SLC6A2; SLC6A4,"OPRM1, SLC6A4, SLC6A2, CYP2D6",OPRM1; SLC6A4; SLC6A2; CYP2D6,,"ADORA2A, OPRM1",OPRM1,ADORA2A,"CHRM3, CYP2B6, CYP2D6, CYP3A4, GRIN3A, HTR2C, OPRD1, OPRK1, OPRM1, SLC6A2, SLC6A4",CHRM3; CYP2B6; CYP2D6; CYP3A4; GRIN3A; HTR2C; OPRD1; OPRK1; OPRM1; SLC6A2; SLC6A4,,Compound::DB00193,,
t017,Creutzfeldt-Jakob disease,associates,7,CTSD; HLA-DQB1; MTMR7; NPAS2; PRND; PRNP; YWHAZ,"PRNP, PRND, SPRN",PRNP; PRND,SPRN,"FTPR, PRNP",PRNP,FTPR,"CTSD, HLA-DQB1, MTMR7, NPAS2, PRND, PRNP, YWHAZ",CTSD; HLA-DQB1; MTMR7; NPAS2; PRND; PRNP; YWHAZ,,Disease::DOID:11949,,
t018,pharynx cancer,associates,16,ADH1B; ADH7; B4GALT5; BPIFA1; CCND1; CD6; CD79A; CDH1; CFAP45; CNDP2; EGFR; EIF2AK1; MMP8; PDLIM7; TMEM8B; TP53,"TP53, CDKN2A, PIK3CA, NOTCH1, FAT1, CASP8, HRAS",TP53,CDKN2A; PIK3CA; NOTCH1; FAT1; CASP8; HRAS,NOTES,,NOTES,"ADH1B, ADH7, B4GALT5, BPIFA1, CCND1, CD6, CD79A, CDH1, CFAP45, CNDP2, EGFR, EIF2AK1, MMP8, PDLIM7, TMEM8B, TP53",ADH1B; ADH7; B4GALT5; BPIFA1; CCND1; CD6; CD79A; CDH1; CFAP45; CNDP2; EGFR; EIF2AK1; MMP8; PDLIM7; TMEM8B; TP53,,Disease::DOID:0060119,,
t019,degenerative disc disease,associates,14,ADAMTS3; ADAMTS4; ADAMTS5; BMP2; CHST3; CILP; COL9A2; COL9A3; GDF5; MMP13; MMP3; PARK2; RPL34; SOX9,"COL9A2, COL9A3, COL11A1, ACAN, VDR, MMP3, THBS2, IL1A, IL6, ASPN",COL9A2; COL9A3; MMP3,COL11A1; ACAN; VDR; THBS2; IL1A; IL6; ASPN,"NOTCH3, COL1A1, COL1A2",,NOTCH3; COL1A1; COL1A2,"ADAMTS3, ADAMTS4, ADAMTS5, BMP2, CHST3, CILP, COL9A2, COL9A3, GDF5, MMP13, MMP3, PARK2, RPL34, SOX9",ADAMTS3; ADAMTS4; ADAMTS5; BMP2; CHST3; CILP; COL9A2; COL9A3; GDF5; MMP13; MMP3; PARK2; RPL34; SOX9,,Disease::DOID:90,,
t020,Fuchs' endothelial dystrophy,associates,6,COL8A1; COL8A2; FBXO7; ITGBL1; PTPRG; TCF4,"TCF4, COL8A2, SLC4A11, ZEB1, AGBL1, LOXHD1, KANK4",TCF4; COL8A2,SLC4A11; ZEB1; AGBL1; LOXHD1; KANK4,Fuchs' endothelial dystrophy is primarily associated with mutations in the following genes:  - CFH (C5 convertase) - C3  - PLEKHF1,,CFH; C3; PLEKHF1,"COL8A1, COL8A2, FBXO7, ITGBL1, PTPRG, TCF4",COL8A1; COL8A2; FBXO7; ITGBL1; PTPRG; TCF4,,Disease::DOID:11555,,
t021,gout,associates,18,ABCG2; ALDH16A1; BCKDHA; CASP1; HPRT1; IL15; IL1RN; LRRC16A; NLRP3; POMC; PRPS1; PRPS2; SLC17A1; SLC17A3; SLC22A11; SLC22A12; SLC2A9; UMOD,"SLC2A9, ABCG2, SLC22A12, SLC17A1, SLC17A3, GCKR, PDZK1, SLC16A9, INHBC, RREB1, ALDH16A1",SLC2A9; ABCG2; SLC22A12; SLC17A1; SLC17A3; ALDH16A1,GCKR; PDZK1; SLC16A9; INHBC; RREB1,"NOTCH3, HMGCR",,NOTCH3; HMGCR,"ABCG2, ALDH16A1, BCKDHA, CASP1, HPRT1, IL15, IL1RN, LRRC16A, NLRP3, POMC, PRPS1, PRPS2, SLC17A1, SLC17A3, SLC22A11, SLC22A12, SLC2A9, UMOD",ABCG2; ALDH16A1; BCKDHA; CASP1; HPRT1; IL15; IL1RN; LRRC16A; NLRP3; POMC; PRPS1; PRPS2; SLC17A1; SLC17A3; SLC22A11; SLC22A12; SLC2A9; UMOD,,Disease::DOID:13189,,
t022,testicular cancer,associates,23,ATF7IP; BCL10; DAZL; DMRT1; DNMT3L; ERCC1; ERCC4; FGFR3; GGN; H2AFZ; HPGDS; INSL3; KIT; KITLG; MAD1L1; MMP2; PITX1; PRDM14; RFWD3; SLC2A6; STK10; STK11; TFAP2C,"KITLG, SPRY4, BAK1, DMRT1, TERT, ATF7IP, DAZL, PRDM14, HPGDS",KITLG; DMRT1; ATF7IP; DAZL; PRDM14; HPGDS,SPRY4; BAK1; TERT,"ABCB1, TP53, PTEN, CDKN2A, RB1, BRCA2, STK11, PIK3CA, APC, SMAD4, NF1, DCC, NOTCH1, KIT, PTCH1, TGFB1, TGFBR2, MAPK8, MET, EGFR, KRAS, NRAS, BRAF, PIK3R1, PIK3CA, PIK3CD, PIK3CG, PIK3R3, PIK3R4, PIK3R5, PIK3R6, PIK3CE, PIK3C3, AKT1, AKT2, AKT3, CREBBP, EP300, CBX7, CHD8, ETS1, JAK2, STAT5B, MYC, CCND1, CCNE1, CCNB1, CIP1, CD",STK11; KIT,ABCB1; TP53; PTEN; CDKN2A; RB1; BRCA2; PIK3CA; APC; SMAD4; NF1; DCC; NOTCH1; PTCH1; TGFB1; TGFBR2; MAPK8; MET; EGFR; KRAS; NRAS,"ATF7IP, BCL10, DAZL, DMRT1, DNMT3L, ERCC1, ERCC4, FGFR3, GGN, H2AFZ, HPGDS, INSL3, KIT, KITLG, MAD1L1, MMP2, PITX1, PRDM14, RFWD3, SLC2A6, STK10, STK11, TFAP2C",ATF7IP; BCL10; DAZL; DMRT1; DNMT3L; ERCC1; ERCC4; FGFR3; GGN; H2AFZ; HPGDS; INSL3; KIT; KITLG; MAD1L1; MMP2; PITX1; PRDM14; RFWD3; SLC2A6; STK10; STK11; TFAP2C,,Disease::DOID:2998,,
t023,Kawasaki disease,associates,14,ADCK4; BLK; CA8; CCR5; CD4; CD40; CENPU; CRP; FCGR2A; IL10; ITGAE; ITPKC; MMP9; VEGFA,"ITPKC, CASP3, FCGR2A, BLK, CD40, TGFB2, ORAI1",ITPKC; FCGR2A; BLK; CD40,CASP3; TGFB2; ORAI1,I don't know,,,"ADCK4, BLK, CA8, CCR5, CD4, CD40, CENPU, CRP, FCGR2A, IL10, ITGAE, ITPKC, MMP9, VEGFA",ADCK4; BLK; CA8; CCR5; CD4; CD40; CENPU; CRP; FCGR2A; IL10; ITGAE; ITPKC; MMP9; VEGFA,,Disease::DOID:13378,,
t024,lymphatic system cancer,associates,9,ALK; BCL6; CENPV; HNRNPH3; NPM1; PROX1; RRP8; TIA1; TNFRSF8,"BCL2, MYC, BCL6, TP53, CREBBP, EZH2, ATM, TNFRSF13B",BCL6,BCL2; MYC; TP53; CREBBP; EZH2; ATM; TNFRSF13B,NOTES,,NOTES,"ALK, BCL6, CENPV, HNRNPH3, NPM1, PROX1, RRP8, TIA1, TNFRSF8",ALK; BCL6; CENPV; HNRNPH3; NPM1; PROX1; RRP8; TIA1; TNFRSF8,,Disease::DOID:0060073,,
t025,dental caries,associates,13,ANGPTL6; CD79A; CDIPT; CNOT8; CPQ; DEDD; DMTF1; INO80; IRF6; LTF; LYZL2; SMARCA2; SMARCA4,"AMELX, ENAM, TUFT1, MMP20, KLK4, TAS2R38, AQP5, LTF, DEFB1",LTF,AMELX; ENAM; TUFT1; MMP20; KLK4; TAS2R38; AQP5; DEFB1,I don't know,,,"ANGPTL6, CD79A, CDIPT, CNOT8, CPQ, DEDD, DMTF1, INO80, IRF6, LTF, LYZL2, SMARCA2, SMARCA4",ANGPTL6; CD79A; CDIPT; CNOT8; CPQ; DEDD; DMTF1; INO80; IRF6; LTF; LYZL2; SMARCA2; SMARCA4,,Disease::DOID:216,,
t026,intracranial aneurysm,associates,23,AGER; AOC3; ASAH1; BOLL; CCL2; CNNM2; CST3; CTSB; CTSK; CTSS; EDNRA; ELN; MMP2; MMP9; NCF1; NOS3; RBBP8; SLC25A16; SOX17; STARD13; TIMP1; TIMP2; TMEM132B,"CDKN2B-AS1, SOX17, EDNRA, COL3A1, ELN, THSD1, RNF213",SOX17; EDNRA; ELN,CDKN2B-AS1; COL3A1; THSD1; RNF213,"NOTCH3, TMEM106B",,NOTCH3; TMEM106B,"AGER, AOC3, ASAH1, BOLL, CCL2, CNNM2, CST3, CTSB, CTSK, CTSS, EDNRA, ELN, MMP2, MMP9, NCF1, NOS3, RBBP8, SLC25A16, SOX17, STARD13, TIMP1, TIMP2, TMEM132B",AGER; AOC3; ASAH1; BOLL; CCL2; CNNM2; CST3; CTSB; CTSK; CTSS; EDNRA; ELN; MMP2; MMP9; NCF1; NOS3; RBBP8; SLC25A16; SOX17; STARD13; TIMP1; TIMP2; TMEM132B,,Disease::DOID:10941,,
t027,fallopian tube cancer,associates,3,BRCA2; INHA; TSPAN9,"BRCA1, BRCA2, TP53, MSH2, MLH1",BRCA2,BRCA1; TP53; MSH2; MLH1,I don't know,,,"BRCA2, INHA, TSPAN9",BRCA2; INHA; TSPAN9,,Disease::DOID:1964,,
t028,vulva cancer,associates,6,KRT20; KRT7; NHS; PIP; RREB1; SLC10A2,"TP53, CDKN2A, PIK3CA, EGFR",,TP53; CDKN2A; PIK3CA; EGFR,I don't know,,,"KRT20, KRT7, NHS, PIP, RREB1, SLC10A2",KRT20; KRT7; NHS; PIP; RREB1; SLC10A2,,Disease::DOID:1245,,
t029,Paget's disease of bone,associates,16,ALPL; ALPP; ALPPL2; BGLAP; CALCA; CSF1; DCSTAMP; INPP5D; NUP205; OPTN; PML; RIN3; SQSTM1; TNFRSF11A; TNFRSF11B; VCP,"SQSTM1, TNFRSF11A, TNFRSF11B, CSF1, OPTN, DCSTAMP, VCP, RIN3, NUP205",SQSTM1; TNFRSF11A; TNFRSF11B; CSF1; OPTN; DCSTAMP; VCP; RIN3; NUP205,,"NOTCH3, RUNX2",,NOTCH3; RUNX2,"ALPL, ALPP, ALPPL2, BGLAP, CALCA, CSF1, DCSTAMP, INPP5D, NUP205, OPTN, PML, RIN3, SQSTM1, TNFRSF11A, TNFRSF11B, VCP",ALPL; ALPP; ALPPL2; BGLAP; CALCA; CSF1; DCSTAMP; INPP5D; NUP205; OPTN; PML; RIN3; SQSTM1; TNFRSF11A; TNFRSF11B; VCP,,Disease::DOID:5408,,
