qid,subject,relation,n_graph_facts,CLEARLY_CORRECT,NEEDS_YOUR_EYE,CLEARLY_WRONG,graph_holds,model_said_verbatim,coverage,YOUR_VERDICT,NOTES
r000,Sulfathiazole,upregulates,10,,,SULT1A2; CYP3A4; CYP3A5; CYP3A7,ADAT1; CASP10; CNOT4; EPHA3; NFATC3; PIGB; RBKS; ST6GALNAC2; TSEN2; WASF3,"SULT1A2, CYP3A4, CYP3A5, CYP3A7",0.0%,,
r001,Drospirenone,binds,5,,,NR5A1; NR5A2; NR0B1; CYP3A4; CYP3A5; CYP3A7; CYP3A8; CYP3A9; CYP3A10; CYP3A11; CYP3A12; CYP3A13; CYP3A14; CYP3A15; CYP3A16; CYP3A17; CYP3A18; CYP3A19; CYP3A20; CYP3A21; CYP3A22; CYP3A23; CYP3A24; CYP3A25; CYP3A26; CYP3A27; CYP3A28; CYP3A29; CYP3A30; CYP3A31; CYP3A32; CYP3A33; CYP3A34; CYP3A35; CYP3A36; CYP3A37; CYP3A38; CYP3A39; CYP3A40; CYP3A41,AR; BCHE; NR3C2; PGR; PTGS2,"NR5A1, NR5A2, NR0B1, CYP3A4, CYP3A5, CYP3A7, CYP3A8, CYP3A9, CYP3A10, CYP3A11, CYP3A12, CYP3A13, CYP3A14, CYP3A15, CYP3A16, CYP3A17, CYP3A18, CYP3A19, CYP3A20, CYP3A21, CYP3A22, CYP3A23, CYP3A24, CYP3A25, CYP3A26, CYP3A27, CYP3A28, CYP3A29, CYP3A30, CYP3A31, CYP3A32, CYP3A33, CYP3A34, CYP3A35, CYP3A36, CYP3A37, CYP3A38, CYP3A39, CYP3A40, CYP3A41, CYP3A42, CYP3A43, CYP3A44, CYP3A45, CYP3",0.0%,,
r002,Alendronate,binds,5,,,ALDH2; CYP2C9; CYP3A4; CYP3A5; CYP3A7; GSTP1; MTHFR; UGT1A1,ATP6V1A; FDPS; PTPN4; PTPRE; PTPRS,"ALDH2, CYP2C9, CYP3A4, CYP3A5, CYP3A7, GSTP1, MTHFR, UGT1A1",0.0%,,
r003,Pindolol,binds,6,,,BETA_2_ADRENERGIC_RECEPTOR; ALPHA_1_BETA_3_GAMMA_4_RECEPTOR,ADRB1; ADRB2; ADRB3; CYP2D6; HTR1A; HTR1B,"BETA_2_ADRENERGIC_RECEPTOR, ALPHA_1_BETA_3_GAMMA_4_RECEPTOR",0.0%,,
r004,Aminohippurate,downregulates,5,,,AHI1; ABCB8; CYP2C9; CYP3A4; CYP3A5; CYP3A7; CYP2D6; CYP2C19; CYP2C19*2; CYP2C19*3; CYP2C19*4; CYP2C19*5; CYP2C19*6; CYP2C19*7; CYP2C19*8; CYP2C19*9; CYP2C19*10; CYP2C19*11; CYP2C19*12; CYP2C19*13; CYP2C19*14; CYP2C19*15; CYP2C19*16; CYP2C19*17; CYP2C19*18; CYP2C19*19; CYP2C19*20; CYP2C19*21; CYP2C19*22; CYP2C19*23; CYP2C19*24; CYP2C19*25; CYP2C19*26; CYP2C19*27; CYP2,IGFBP2; NCAPD2; NR2F6; TES; VPS28,"AHI1, ABCB8, CYP2C9, CYP3A4, CYP3A5, CYP3A7, CYP2D6, CYP2C19, CYP2C19*2, CYP2C19*3, CYP2C19*4, CYP2C19*5, CYP2C19*6, CYP2C19*7, CYP2C19*8, CYP2C19*9, CYP2C19*10, CYP2C19*11, CYP2C19*12, CYP2C19*13, CYP2C19*14, CYP2C19*15, CYP2C19*16, CYP2C19*17, CYP2C19*18, CYP2C19*19, CYP2C19*20, CYP2C19*21, CYP2C19*22, CYP2C19*23, CYP2C19*24, CYP2C19*25, CYP2C19*26, CYP2C19*27, CYP2",0.0%,,
r005,Quinidine barbiturate,binds,8,KCNH2; SCN5A,,KCNQ1,CHRM2; CYP2D6; GABRA1; GABRA2; GRIA2; KCNH2; KCNK1; SCN5A,"KCNQ1, KCNH2, SCN5A",25.0%,,
r006,Sunitinib,upregulates,33,TSC22D3,,AKT1; AKT2; PTEN; VEGFR2; FLT3; PDGFRB; FGFR1; RAF1; BRAF; MEK1; ERBB2; KRAS; NRAS; PIK3CA; PIK3R1; PIK3CD; PIK3CG; PIK3R3; PIK3R4; PIK3CB; PIK3C3; RASGRP1; RPS6KB1; RPLP0; STK17A; TP53BP1; UBE2L3; USP9Y; ZNF804A,AARS; ABHD4; CCDC92; CCNG2; CGRRF1; CRIP1; DDIT4; EAPP; ERBB3; FDFT1; FDPS; HBP1; HERPUD1; HMGCR; HMGCS1; IKBKB; INSIG1; KIAA0355; KLHDC2; LAMTOR3; LRP10; MSMO1; MTHFD2; NPC1; NSDHL; PCK2; SLC2A6; SNX6; TF; TIPARP; TLR4; TMEM50A; TSC22D3,"AKT1, AKT2, PTEN, VEGFR2, FLT3, PDGFRB, FGFR1, RAF1, BRAF, MEK1, ERBB2, KRAS, NRAS, PIK3CA, PIK3R1, PIK3CD, PIK3CG, PIK3R3, PIK3R4, PIK3CB, PIK3C3, RASGRP1, RPS6KB1, RPLP0, STK17A, TP53BP1, TSC22D3, UBE2L3, USP9Y, ZNF804A",3.0%,,
r007,Dronabinol,binds,10,,,CB1_R3-AG; CB2_R4-AG,ABCB1; ABCG2; CNR1; CNR2; CYP1A1; CYP2A6; CYP2C19; CYP2C9; CYP3A4; PTGS1,"CB1_R3-AG, CB2_R4-AG",0.0%,,
r008,Carbamazepine,binds,16,,,CARBAMAZEPINE_BINDER_1; CARBAMAZEPINE_BINDER_2,ABCB1; ABCC2; CYP1A2; CYP2B6; CYP2C19; CYP2C8; CYP2C9; CYP3A4; CYP3A5; CYP3A7; CYP3A7-CYP3A51P; RALBP1; SCN4A; SCN5A; SCN9A; UGT2B7,"CARBAMAZEPINE_BINDER_1, CARBAMAZEPINE_BINDER_2",0.0%,,
r009,Donepezil,upregulates,9,,,ARSK; CYP2B6; COMT; MAO-B; SLC6A4,DNAJC15; MAPKAPK5; NFIL3; NFKBIA; PRKAG2; PRKCD; RSU1; TGFBR2; TSC22D3,"ARSK, CYP2B6, COMT, MAO-B, SLC6A4",0.0%,,
r010,Quetiapine,downregulates,23,,,DUSP1; DUSP5; MAPK8; MAPK9; MAPK10; PTEN; PTPN22,ACAT2; ADI1; ATP6V0B; CD320; CYCS; DPYSL2; EBNA1BP2; ENOPH1; HAT1; HSPA1A; IARS2; IFRD2; ITGB1BP1; KIF1BP; NUP93; PPP2R3C; RPN1; SCAND1; TM9SF2; TMEM109; TOMM34; TXNDC9; USP22,"DUSP1, DUSP5, MAPK8, MAPK9, MAPK10, PTEN, PTPN22",0.0%,,
r011,Alimemazine,downregulates,7,,,ALDH1A2; CYP3A4; CYP3A5; CYP3A7; CYP3B4; CYP2C9; CYP2C19; CYP2D6; CYP2E1; CYP2C8; CYP2C10; CYP2C19; CYP2C19; CYP2C19; CYP2C19; CYP2C19; CYP2C19; CYP2C19; CYP2C19; CYP2C19; CYP2C19; CYP2C19; CYP2C19; CYP2C19; CYP2C19; CYP2C19; CYP2C19; CYP2C19; CYP2C19; CYP2C19; CYP2C19; CYP2C19; CYP2C19; CYP2C19; CYP2C19; CYP2C19; CYP2C19; CYP2C19; CYP2C19; CYP2C19,CCDC86; CDC45; COG2; CYCS; DPH2; PDHX; RPIA,"ALDH1A2, CYP3A4, CYP3A5, CYP3A7, CYP3B4, CYP2C9, CYP2C19, CYP2D6, CYP2E1, CYP2C8, CYP2C10, CYP2C19, CYP2C19, CYP2C19, CYP2C19, CYP2C19, CYP2C19, CYP2C19, CYP2C19, CYP2C19, CYP2C19, CYP2C19, CYP2C19, CYP2C19, CYP2C19, CYP2C19, CYP2C19, CYP2C19, CYP2C19, CYP2C19, CYP2C19, CYP2C19, CYP2C19, CYP2C19, CYP2C19, CYP2C19, CYP2C19, CYP2C19, CYP2C19, CYP2C19, CYP2C19, CYP2C19, CYP2C19, CYP2C19, C",0.0%,,
r012,Clotiazepam,binds,20,CYP3A4,CYP2C9 ~ CYP2C19 (0.923); CYP3A5 ~ CYP3A4 (0.833); CYP3A7 ~ CYP3A4 (0.833); CYP2D6 ~ CYP2B6 (0.833),CLDN10; CLCN2; DHODH; GSTP1; HSD3B1; KCNJ11; KDR; LPA; MATE2K; NOS3; PON1; SLC22A1; SLC22A3; SLC22A4; SLC22A5; SLC22A6; SLC22A7; SLC22A8; SLC22A9; SLC22A10; SLC22A11; SLC22A12; SLC22A13; SLC22A14; SLC22A15; SLC22A16; SLC22A17; SLC22A18; SLC22A19; SLC22A20; SLC22A21; SLC22A22; SLC22A23; SLC22A24; SLC22A25; SLC22A26; SLC22A27; SLC22A28; SLC22A29; SLC22A30,CYP2B6; CYP2C18; CYP2C19; CYP3A4; GABRA1; GABRA2; GABRA3; GABRA5; GABRB1; GABRB2; GABRB3; GABRD; GABRE; GABRG1; GABRG2; GABRG3; GABRP; GABRR1; GABRR2; GABRR3,"CLDN10, CLCN2, CYP2C9, CYP3A4, CYP3A5, CYP3A7, CYP2D6, DHODH, GSTP1, HSD3B1, KCNJ11, KDR, LPA, MATE2K, NOS3, PON1, SLC22A1, SLC22A3, SLC22A4, SLC22A5, SLC22A6, SLC22A7, SLC22A8, SLC22A9, SLC22A10, SLC22A11, SLC22A12, SLC22A13, SLC22A14, SLC22A15, SLC22A16, SLC22A17, SLC22A18, SLC22A19, SLC22A20, SLC22A21, SLC22A22, SLC22A23, SLC22A24, SLC22A25, SLC22A26, SLC22A27, SLC22A28, SLC22A29, SLC22A30",5.0%,,
r013,Halofantrine,binds,5,CYP3A4,,AXIN2; BCL11A; DHODH; DPP4; ESR1; FANCA; GNAI1; HLA-A; IL6R; KDR; LPAR1; MUC5AC; NFKB1; PDE4DIE; PTEN; RASGRP1; SLC2A9; TCF7L2; VEGFA,CYP2C8; CYP2D6; CYP3A4; CYP3A5; KCNH2,"AXIN2, BCL11A, CYP3A4, DHODH, DPP4, ESR1, FANCA, GNAI1, HLA-A, IL6R, KDR, LPAR1, MUC5AC, NFKB1, PDE4DIE, PTEN, RASGRP1, SLC2A9, TCF7L2, VEGFA",20.0%,,
r014,Leflunomide,binds,6,,CYP2C19 ~ CYP2C9 (0.923),ACO2; CYP3A4; CYP3A5; CYP3A7; GSTP1; MTHFR; NUDT15; UGT2B7,ABCG2; AHR; CYP1A2; CYP2C9; DHODH; PTK2B,"ACO2, CYP2C19, CYP3A4, CYP3A5, CYP3A7, GSTP1, MTHFR, NUDT15, UGT2B7",0.0%,,
r015,Tenofovir,downregulates,18,,,A2AR; ADRB1; ADRB2; ADRB3; ADRB4; ADRB5; ADRB6; ADRB7; ADRB8; ADRB9; ADRB10; ADRB11; ADRB12; ADRB13; ADRB14; ADRB15; ADRB16; ADRB17; ADRB18; ADRB19; ADRB20; ADRB21; ADRB22; ADRB23; ADRB24; ADRB25; ADRB26; ADRB27; ADRB28; ADRB29; ADRB30; ADRB31; ADRB32; ADRB33; ADRB34; ADRB35; ADRB36; ADRB37; ADRB38; ADRB39,ASCC3; ATP6V1D; CLTC; CNDP2; DECR1; EBNA1BP2; EIF4EBP1; GAA; LAGE3; MTHFD2; PCM1; PGAM1; PSMD9; RBM34; RPS4Y1; TSPAN3; TUFM; TXLNA,"A2AR, ADRB1, ADRB2, ADRB3, ADRB4, ADRB5, ADRB6, ADRB7, ADRB8, ADRB9, ADRB10, ADRB11, ADRB12, ADRB13, ADRB14, ADRB15, ADRB16, ADRB17, ADRB18, ADRB19, ADRB20, ADRB21, ADRB22, ADRB23, ADRB24, ADRB25, ADRB26, ADRB27, ADRB28, ADRB29, ADRB30, ADRB31, ADRB32, ADRB33, ADRB34, ADRB35, ADRB36, ADRB37, ADRB38, ADRB39, ADRB40, ADRB41, ADRB42, ADRB43, ADRB44, ADRB45, ADRB46, ADRB47, ADRB48, ADRB49, ADRB50, ADRB51",0.0%,,
r016,Metocurine,binds,5,,,MET; TNFRSF1A,CHRM2; CHRNA1; CHRNA2; CHRNB1; CHRND,"MET, TNFRSF1A",0.0%,,
r017,Fluvoxamine,downregulates,5,,,CYP2D6; CYP1A2; COMT; MAO-B; NAT2,AKR1B10; HERPUD1; OXA1L; PFN1; TUBB6,"CYP2D6, CYP1A2, COMT, MAO-B, NAT2",0.0%,,
r018,Thiamine,binds,6,,,THAP1; THAP2; THAP3; THAP4; THAP5; THAP6; THAP7; THAP8; THAP9; THAP10; THAP11; THAP12; THAP13; THAP14; THAP15; THAP16; THAP17; THAP18; THAP19; THAP20; THAP21; THAP22; THAP23; THAP24; THAP25; THAP26; THAP27; THAP28; THAP29; THAP30; THAP31; THAP32; THAP33; THAP34; THAP35; THAP36; THAP37; THAP38; THAP39; THAP40,CYP4B1; SLC19A2; SLC22A1; SLC22A2; SLC22A5; TPK1,"THAP1, THAP2, THAP3, THAP4, THAP5, THAP6, THAP7, THAP8, THAP9, THAP10, THAP11, THAP12, THAP13, THAP14, THAP15, THAP16, THAP17, THAP18, THAP19, THAP20, THAP21, THAP22, THAP23, THAP24, THAP25, THAP26, THAP27, THAP28, THAP29, THAP30, THAP31, THAP32, THAP33, THAP34, THAP35, THAP36, THAP37, THAP38, THAP39, THAP40, THAP41, THAP42, THAP43, THAP44, THAP45, THAP46, THAP47, THAP48, THAP49, THAP50, THAP51, THAP52, THAP53, THAP54, THAP55, THAP56, THAP57, THAP58, THAP59, THAP60, THAP61, THAP62",0.0%,,
r019,Alosetron,binds,5,,,ALOX12B; ALOX5; ALOX12P,CYP1A2; CYP2C9; CYP2E1; CYP3A4; HTR3A,"ALOX12B, ALOX5, ALOX12P",0.0%,,
r020,Sulfasalazine,binds,15,,,SUL1; TXNIP,ABCC2; ABCG2; ACAT1; ALOX5; CHUK; CYP3A5; IKBKB; PLA2G1B; PPARG; PTGS1; PTGS2; SLC46A1; SLC7A11; SLCO1B1; TBXAS1,"SUL1, TXNIP",0.0%,,
r021,Gabapentin,downregulates,7,,,GNAS; SCN9A; KCNJ11,ACAT2; CCNB2; GDF15; IFRD2; TES; TIMM9; TNIP1,"GNAS, SCN9A, KCNJ11",0.0%,,
r022,Prazepam,binds,17,,,,CYP3A4; GABRA1; GABRA2; GABRA3; GABRA5; GABRB1; GABRB2; GABRB3; GABRD; GABRE; GABRG1; GABRG2; GABRG3; GABRP; GABRR1; GABRR2; GABRR3,"Prazepam is not a known drug and does not have any genes associated with it. It's possible you might be referring to another medication or substance. Could you please provide more context or confirm if this was meant as an example of how to answer such a question? If so, I'd be happy to help identify relevant genes for other compounds.",0.0%,,
r023,Thalidomide,downregulates,11,,,THAL; DHCR7; ABCB11; CYP2C9; CYP3A4; CYP3A5; CYP3A7; CYP2D6; CYP2E1; CYP2C8; CYP2C19; CYP2C10; CYP2C19; CYP2C19; CYP2C19; CYP2C19; CYP2C19; CYP2C19; CYP2C19; CYP2C19; CYP2C19; CYP2C19; CYP2C19; CYP2C19; CYP2C19; CYP2C19; CYP2C19; CYP2C19; CYP2C19; CYP2C19; CYP2C19; CYP2C19; CYP2C19; CYP2C19; CYP2C19; CYP2C19; CYP2C19; CYP2C19; CYP2C19; CYP2C19,AMIGO2; ARL4C; ARNT2; DNAJA3; GRB7; IER3; NIT1; RAI14; TIMP1; TRIB3; ZNF395,"THAL, DHCR7, ABCB11, CYP2C9, CYP3A4, CYP3A5, CYP3A7, CYP2D6, CYP2E1, CYP2C8, CYP2C19, CYP2C10, CYP2C19, CYP2C19, CYP2C19, CYP2C19, CYP2C19, CYP2C19, CYP2C19, CYP2C19, CYP2C19, CYP2C19, CYP2C19, CYP2C19, CYP2C19, CYP2C19, CYP2C19, CYP2C19, CYP2C19, CYP2C19, CYP2C19, CYP2C19, CYP2C19, CYP2C19, CYP2C19, CYP2C19, CYP2C19, CYP2C19, CYP2C19, CYP2C19, CYP2C19, CYP2C19, CYP2C19, CYP2C19, CYP2C19, C",0.0%,,
r024,Prednisolone,downregulates,8,,,NR3C1; NR3C2,ADI1; CDKN1B; FHL2; IER3; IGFBP3; KIF14; PAN2; RPS4Y1,"NR3C1, NR3C2",0.0%,,
r025,Clobetasol propionate,downregulates,30,,,ABCA12; ADAMTS5; ANGPTL4; BCL2L6; CDH13; COL7A1; DUSP9; EPHB2; FBN1; GDF10; HSD17B1; ITGB8; KRT14; LAMB3; MIR138-5p; MYO1D; NRP1; PDE4C; PTCH1; RHOBTB4; SLC25A38; TCF7L2; VEGFA; WNT5A,ARL4C; CCL2; CDC20; CDC25B; CDC45; CDK4; CEBPA; COTL1; DDX10; DRAP1; DTL; DUSP4; FHL2; FOSL1; GDF15; IER3; IGFBP3; KIF2C; LBR; LIG1; PCNA; PNP; PRSS23; RAP1GAP; RELB; SQSTM1; SUV39H1; TYMS; UBE2S; UGDH,"ABCA12, ADAMTS5, ANGPTL4, BCL2L6, CDH13, COL7A1, DUSP9, EPHB2, FBN1, GDF10, HSD17B1, ITGB8, KRT14, LAMB3, MIR138-5p, MYO1D, NRP1, PDE4C, PTCH1, RHOBTB4, SLC25A38, TCF7L2, VEGFA, WNT5A",0.0%,,
r026,Ursodeoxycholic acid,downregulates,5,,,ABCA12; ABCG8; ABCG5; ABCB4; ATP7A; CYP7A1; FAM3C; HSD17B10; LRP6; MDRP1; NURF; OPRM1; PAX2; SLC22A1; TSPAN9; UCP2; VPS35,NIT1; PAPD7; SHB; TRIB3; ZNF395,"ABCA12, ABCG8, ABCG5, ABCB4, ATP7A, CYP7A1, FAM3C, HSD17B10, LRP6, MDRP1, NURF, OPRM1, PAX2, SLC22A1, TSPAN9, UCP2, VPS35",0.0%,,
r027,Biperiden,binds,5,,,BDNF; CREB1; DRD2; GRIK3; GRM4; GRM5; GRM6; GRM7; GRM8; GRM9; GRM10; GRM11; GRM12; GRM13; GRM14; GRM15; GRM16; GRM17; GRM18; GRM19; GRM20; GRM21; GRM22; GRM23; GRM24; GRM25; GRM26; GRM27; GRM28; GRM29; GRM30; GRM31; GRM32; GRM33; GRM34; GRM35; GRM36; GRM37; GRM38; GRM39,ABCB1; CHRM1; CHRM2; CHRNA2; CYP2D6,"BDNF, CREB1, DRD2, GRIK3, GRM4, GRM5, GRM6, GRM7, GRM8, GRM9, GRM10, GRM11, GRM12, GRM13, GRM14, GRM15, GRM16, GRM17, GRM18, GRM19, GRM20, GRM21, GRM22, GRM23, GRM24, GRM25, GRM26, GRM27, GRM28, GRM29, GRM30, GRM31, GRM32, GRM33, GRM34, GRM35, GRM36, GRM37, GRM38, GRM39, GRM40, GRM41, GRM42, GRM43, GRM44, GRM45, GRM46, GRM47, GRM48, GRM49, GRM50, GRM51, GRM52, GRM53, GRM54, GRM55, GRM56, GRM57, GRM58, GRM59, GRM60, GRM61,",0.0%,,
r028,Tioconazole,binds,9,,,TPMT,CYP17A1; CYP19A1; CYP1A2; CYP2C19; CYP2C8; CYP2C9; CYP2E1; CYP3A4; CYP51A1,TPMT,0.0%,,
r029,Trifluoperazine,upregulates,44,,,TRAF3IP2; TRIM19,AARS; ABHD4; ACAT2; ACLY; ADAM10; AGR2; ALDOC; ANKRD10; C2CD2; CDK19; CDK7; CLPX; CYP51A1; DDIT4; DHCR24; DHCR7; ERBB3; FADS1; FDFT1; FDPS; FOXO4; GLRX; HLA-DMA; HMGCR; HMGCS1; HOOK2; IDI1; INSIG1; KLHL21; LDLR; LSS; MSMO1; MVD; NNT; NPC1; NPC2; NSDHL; PLS1; RHOA; SCD; SPG21; SQLE; SREBF2; STXBP1,"TRAF3IP2, TRIM19",0.0%,,
r030,Spermine,binds,14,,,SMPK1; SMURF2; RNF43,CA14; CA4; CA5A; CA5B; CA6; CA7; ODC1; SAT1; SAT2; SLC22A1; SLC22A4; SMOX; SMS; XDH,"SMPK1, SMURF2, RNF43",0.0%,,
r031,Flurbiprofen,binds,11,,,FLNB; FLNA,ABCC4; ALB; CYP2C9; PTGS1; PTGS2; SLC22A6; UGT1A1; UGT1A3; UGT1A9; UGT2B4; UGT2B7,"FLNB, FLNA",0.0%,,
r032,Indacaterol,binds,5,,,ACO2; ACOT10; ACOT3; ACOT4; ACOT5; ACOT6; ACOT7; ACOT8; ACOT9; ACOT11; ACOT12; ACOT13; ACOT14; ACOT15; ACOT16; ACOT17; ACOT18; ACOT19; ACOT20; ACOT21; ACOT22; ACOT23; ACOT24; ACOT25; ACOT26; ACOT27; ACOT28; ACOT29; ACOT30; ACOT31; ACOT32; ACOT33; ACOT34; ACOT35; ACOT36; ACOT37; ACOT38; ACOT39; ACOT40; ACOT41,ABCB1; ADRB1; ADRB2; CYP3A4; UGT1A1,"ACO2, ACOT10, ACOT3, ACOT4, ACOT5, ACOT6, ACOT7, ACOT8, ACOT9, ACOT11, ACOT12, ACOT13, ACOT14, ACOT15, ACOT16, ACOT17, ACOT18, ACOT19, ACOT20, ACOT21, ACOT22, ACOT23, ACOT24, ACOT25, ACOT26, ACOT27, ACOT28, ACOT29, ACOT30, ACOT31, ACOT32, ACOT33, ACOT34, ACOT35, ACOT36, ACOT37, ACOT38, ACOT39, ACOT40, ACOT41, ACOT42, ACOT43, ACOT44, ACOT45, ACOT46, ACOT47, ACOT48, ACOT49, ACOT50, ACOT51, ACOT52, ACOT53, ACOT54, ACOT55, ACOT56, ACOT57, ACOT58, ACOT59, ACOT60, ACOT61, ACOT62, ACOT6",0.0%,,
r033,Pentobarbital,downregulates,12,,,PENK; PRNP,BRCA1; CDK4; EBNA1BP2; FABP5; GDF15; GSTZ1; PCM1; PSMB8; STAMBP; TSKU; TSPAN3; TXLNA,"PENK, PRNP",0.0%,,
r034,Flurazepam,binds,24,,,GABAA_R1_BRAVINAK,ABCB1; CYP2A6; CYP2E1; CYP3A4; GABRA1; GABRA2; GABRA3; GABRA4; GABRA5; GABRA6; GABRB1; GABRB2; GABRB3; GABRD; GABRE; GABRG1; GABRG2; GABRG3; GABRP; GABRQ; GABRR1; GABRR2; GABRR3; SLC22A2,GABAA_R1_BRAVINAK,0.0%,,
r035,spinal cancer,associates,7,,,TP53; RB1; SMAD4; PTEN; NF1; CDKN2A; CCND1; TP63; KRAS; BCL2; BRCA1; BRCA2,CNST; CYP4F22; MRI1; NF2; NRXN2; RBM10; SMARCE1,"TP53, RB1, SMAD4, PTEN, NF1, CDKN2A, CCND1, TP63, KRAS, BCL2, BRCA1, BRCA2",0.0%,,
r036,Nefazodone,binds,15,CYP2D6,,NEUR1,ABCB1; ADRA1A; ADRA1B; ADRA2A; CYP2D6; CYP3A4; CYP3A5; CYP3A7; CYP3A7-CYP3A51P; HTR1A; HTR2A; HTR2C; SLC6A2; SLC6A3; SLC6A4,"NEUR1, CYP2D6",6.7%,,
r037,Olsalazine,binds,6,,,ABCC8; ABCG2; ATP5A1; ATP7B; CYP3A4; CYP3A5; CYP3A7; CYP3A9; CYP3A10; CYP3A11; CYP3A12; CYP3A13; CYP3A14; CYP3A15; CYP3A16; CYP3A17; CYP3A18; CYP3A19; CYP3A20; CYP3A21; CYP3A22; CYP3A23; CYP3A24; CYP3A25; CYP3A26; CYP3A27; CYP3A28; CYP3A29; CYP3A30; CYP3A31; CYP3A32; CYP3A33; CYP3A34; CYP3A35; CYP3A36; CYP3A37; CYP3A38; CYP3A39; CYP3A40; CYP3A41,ALOX5; IFNG; PPARG; PTGS1; PTGS2; TPMT,"ABCC8, ABCG2, ATP5A1, ATP7B, CYP3A4, CYP3A5, CYP3A7, CYP3A9, CYP3A10, CYP3A11, CYP3A12, CYP3A13, CYP3A14, CYP3A15, CYP3A16, CYP3A17, CYP3A18, CYP3A19, CYP3A20, CYP3A21, CYP3A22, CYP3A23, CYP3A24, CYP3A25, CYP3A26, CYP3A27, CYP3A28, CYP3A29, CYP3A30, CYP3A31, CYP3A32, CYP3A33, CYP3A34, CYP3A35, CYP3A36, CYP3A37, CYP3A38, CYP3A39, CYP3A40, CYP3A41, CYP3A42, CYP3A43, CYP3A44, CYP3A45, CYP3A46,",0.0%,,
r038,Furosemide,binds,19,,,ABCC9; ABCC5,ABCC2; ALB; CA1; CA12; CA14; CA2; CA4; CA5A; CA5B; CA6; CA7; CA9; PGD; SLC12A1; SLC22A11; SLC22A5; SLC22A6; SLC22A8; SLCO2A1,"ABCC9, ABCC5",0.0%,,
r039,Scopolamine,binds,7,,,SCNR1; SCN4A,ABCB1; CHRM1; CHRM2; CHRM3; CHRM4; CHRM5; SI,"SCNR1, SCN4A",0.0%,,
r040,Desoximetasone,upregulates,32,,,NCOT; CYP2C9; CYP3A4; CYP1B1; CYP2D6; CYP2C8; CYP2C19; CYP2C10; CYP2C9_2D6; CYP2C19_2D6; CYP2C19_2D6_2; CYP2C19_2D6_3; CYP2C19_2D6_4; CYP2C19_2D6_5; CYP2C19_2D6_6; CYP2C19_2D6_7; CYP2C19_2D6_8; CYP2C19_2D6_9; CYP2C19_2D6_10; CYP2C19_2D6_11; CYP2C19_2D6_12; CYP2C19_2D6_13; CYP2C19_2D6_14; CYP2C19_2D6_15; CYP2C19_2D6_16; CYP2C19_2D6_17; CYP2C19_2D6_18; CYP,ADCK3; AGL; ARID5B; CDK19; CEBPD; CES1; CNPY3; DDIT4; DNAJC15; FAIM; FKBP5; HSPB1; JADE2; MAL; MAPKAPK5; MUC1; NARFL; NFIL3; NFKBIA; PDK4; PER1; PRKAG2; PRKCD; PRKCH; PTK2B; RGS2; SATB1; SESN1; SSBP2; TBXA2R; TSC22D3; ZFP36,"NCOT, CYP2C9, CYP3A4, CYP1B1, CYP2D6, CYP2C8, CYP2C19, CYP2C10, CYP2C9_2D6, CYP2C19_2D6, CYP2C19_2D6_2, CYP2C19_2D6_3, CYP2C19_2D6_4, CYP2C19_2D6_5, CYP2C19_2D6_6, CYP2C19_2D6_7, CYP2C19_2D6_8, CYP2C19_2D6_9, CYP2C19_2D6_10, CYP2C19_2D6_11, CYP2C19_2D6_12, CYP2C19_2D6_13, CYP2C19_2D6_14, CYP2C19_2D6_15, CYP2C19_2D6_16, CYP2C19_2D6_17, CYP2C19_2D6_18, CYP",0.0%,,
r041,Ketoprofen,binds,13,PTGS2,,COX1; COX2,ABCC4; ALB; CXCL8; CXCR1; CYP2C8; CYP2C9; PTGS1; PTGS2; SLC22A11; SLC22A6; SLC22A7; SLC22A8; SLCO1A2,"PTGS2, COX1, COX2",7.7%,,
r042,Ropivacaine,downregulates,28,,,KCNJ11; KCNH2; SCN4A; SCN5A,ARGLU1; ATG3; BAG3; CD320; CDKN1B; CYB561; DCK; DDX10; DERA; EEF1A2; FABP5; FASTKD5; GRWD1; HOXA5; IFRD2; KRT8; LSR; MBOAT7; NSDHL; OXA1L; PCCB; PRR7; PTK2; S100A6; TIMM17B; UBE2S; VPS28; ZNF589,"KCNJ11, KCNH2, SCN4A, SCN5A",0.0%,,
r043,Nitrofural,downregulates,12,,,NRNH1; NRNF2; NRNGT1; NRNSC1; NRNTL1; NRNU3; NRNV1; NRNX1; NRNY1; NRNZ1; NRNTN1; NRNTS1; NRNTU1; NRNTV1; NRNTW1; NRNTX1; NRNTY1; NRNTZ1; NRNTA1; NRNTB1; NRNTC1; NRNTD1; NRNET1; NRNEF1; NRNEG1; NRNEH1; NRNEI1; NRNEJ1; NRNEK1; NRNEL1; NRNEM1; NRNEY1; NRNEZ1; NRNEA1; NRNEB1; NRNEC1; NREN1; NRNEE1; NRNEF1; NRNEG1,CRYZ; DDAH1; HDAC2; ISOC1; ITGAE; ITGB1BP1; KIF20A; NVL; PPP2R5E; S100A6; TMEM50A; TXNDC9,"NRNH1, NRNF2, NRNGT1, NRNSC1, NRNTL1, NRNU3, NRNV1, NRNX1, NRNY1, NRNZ1, NRNTN1, NRNTS1, NRNTU1, NRNTV1, NRNTW1, NRNTX1, NRNTY1, NRNTZ1, NRNTA1, NRNTB1, NRNTC1, NRNTD1, NRNET1, NRNEF1, NRNEG1, NRNEH1, NRNEI1, NRNEJ1, NRNEK1, NRNEL1, NRNEM1, NRNEY1, NRNEZ1, NRNEA1, NRNEB1, NRNEC1, NREN1, NRNEE1, NRNEF1, NRNEG1, NRNEH1, NRNEI1, NRNEJ1, NRNEK1, NRNEL1, NRNEM1, NRNEY1, NRNEZ1, NRNEA1, NRNEB1, NRNEC1, NREN1, NRNEE1, NRNEF1, NRNEG1, NRNEH1, NRNEI1, NRNEJ1, NRNEK1, NRNEL1, NRNEM1, NRNEY1, NRNEZ1, NRNEA",0.0%,,
r044,Etoricoxib,upregulates,12,,,EP300; PDE10A; PTEN; TNFRSF14,ICAM1; IKBKB; INPP1; KIT; LSM6; MALT1; PROS1; PTGS2; SLC1A4; SLC25A13; TATDN2; WIF1,"EP300, PDE10A, PTEN, TNFRSF14",0.0%,,
r045,Escitalopram,downregulates,8,,,HTR2A; HTR2C,BACE2; COTL1; OXA1L; RNH1; RRP12; SCAND1; TSPAN4; VAT1,"HTR2A, HTR2C",0.0%,,
r046,Promazine,upregulates,10,,,MMP13; MMP2; MMP9; CCL5; CXCR4; IL6; TNF; VEGFA; PDGFB; FGF2; HSP70,ACAT2; ALDOC; DDIT4; EBP; FDFT1; FOXO4; HMGCR; INSIG1; MSMO1; TSC22D3,"MMP13, MMP2, MMP9, CCL5, CXCR4, IL6, TNF, VEGFA, PDGFB, FGF2, HSP70",0.0%,,
r047,Sparfloxacin,downregulates,11,,,dnaB; dnaC; dnaG; recA; uvrD,CDC20; COG7; IARS2; JMJD6; PHKA1; PKIG; SDC1; SPRED2; STUB1; TCEA2; VPS28,"Sparfloxacin is an antibiotic that targets several bacterial genes involved in DNA replication and repair processes. Here are some of the key genes it has been shown to downregulate:  - dnaB (DNA polymerase III large subunit) - dnaC (DNA gyrase A) - dnaG (topoisomerase IV) - recA (recognition protein for double-stranded breaks) - uvrD (UvrABC photolyase)  These genes play crucial roles in bacterial cell survival and reproduction under stress conditions. Sparfloxacin works by inhibiting these enzymes, thereby disrupting essential cellular functions necessary for bacterial growth.",0.0%,,
r048,Tolbutamide,downregulates,6,,,ACACA; ACADVL; ADH1B; APOC3; B4GALT7; CYP2E1; DPP4; FTO; GCKR; HNF4A; KCNJ5; LPL; MBD4; PPARA; PPARG; PRKAG2; SLC2A2; TCF7L2; UGT2B15; VDR; WFS1,ATP6V0B; CCDC86; IFRD2; PSMD2; RPN1; SPRED2,"ACACA, ACADVL, ADH1B, APOC3, B4GALT7, CYP2E1, DPP4, FTO, GCKR, HNF4A, KCNJ5, LPL, MBD4, PPARA, PPARG, PRKAG2, SLC2A2, TCF7L2, UGT2B15, VDR, WFS1",0.0%,,
r049,Bupropion,downregulates,26,,,SRD5A1; CYP2B6; COMT; MAO-A; MAOA; COMT; MAOB; MAOA; COMT; MAOC; MAOA; COMT; MAOD; MAOA; COMT; MAOE; MAOA; COMT; MAOF; MAOA; COMT; MAOG; MAOA; COMT; MAOH; MAOA; COMT; MAOK; MAOA; COMT; MAOL; MAOA; COMT; MAOM; MAOA; COMT; MAON; MAOA; COMT; MAOP,ABCF3; ADI1; ATP6V0B; ATP6V1D; CRYZ; DLD; GNAS; HDAC6; KIF2C; LDHB; MRPL19; MTHFD2; MYC; NNT; OXA1L; OXSR1; PSMG1; RPS4Y1; RRP1B; SDHB; SLC25A4; SLC35F2; STXBP1; TXNDC9; USP22; WRB,"SRD5A1, CYP2B6, COMT, MAO-A, MAOA, COMT, MAOB, MAOA, COMT, MAOC, MAOA, COMT, MAOD, MAOA, COMT, MAOE, MAOA, COMT, MAOF, MAOA, COMT, MAOG, MAOA, COMT, MAOH, MAOA, COMT, MAOK, MAOA, COMT, MAOL, MAOA, COMT, MAOM, MAOA, COMT, MAON, MAOA, COMT, MAOP, MAOA, COMT, MAOR, MAOA, COMT, MAOS, MAOA, COMT, MAOT, MAOA, COMT, MAOU, MAOA, COMT, MAOV, MAOA, COMT, MAOW, MAOA, COMT, MAOX, MAOA, COMT, MAOY, MAOA, COMT, MAOZ, MAOA, COMT, MAPE, MAOA, COMT, MAQ, MAOA, COMT, MAR, MAOA, COMT, MARS, MAOA, COMT, MARY, MAOA, COMT, MAST, MAOA, COMT, MAT, MAOA, COMT, MBP, MAOA, COMT, MCAD, MAOA, COMT, MDH2, MA",0.0%,,
r050,Nisoldipine,upregulates,9,,,NIS; HCN2,CCDC92; DDIT4; HMOX1; PCK2; PLSCR1; PROS1; TRAPPC6A; WIF1; XBP1,"NIS, HCN2",0.0%,,
r051,pharynx cancer,associates,16,TP53; EGFR,,RB1; SMAD4; PTEN; CDKN2A; KRAS; TP63; NF1; APC; PIK3CA; STK11; SMARCB1; NOTCH1; MYC; BRCA2; TP73; TERT; KIT; IDH1; IDH2; MET; AURKA; BAP1,ADH1B; ADH7; B4GALT5; BPIFA1; CCND1; CD6; CD79A; CDH1; CFAP45; CNDP2; EGFR; EIF2AK1; MMP8; PDLIM7; TMEM8B; TP53,"TP53, RB1, SMAD4, PTEN, CDKN2A, KRAS, TP63, NF1, APC, PIK3CA, STK11, SMARCB1, NOTCH1, MYC, BRCA2, TP73, TERT, KIT, EGFR, IDH1, IDH2, MET, AURKA, BAP1",12.5%,,
r052,Zolmitriptan,downregulates,6,,,TCF7L2; TNFAIP3; IL1B; IL6; IL8; CXCL5; CCR4; CCR5; CCR6; CCR7; CCR9; CCR10; CCR11; CCR12; CCR13; CCR14; CCR15; CCR16; CCR17; CCR18; CCR19; CCR20; CCR21; CCR22; CCR23; CCR24; CCR25; CCR26; CCR27; CCR28; CCR29; CCR30; CCR31; CCR32; CCR33; CCR34; CCR35; CCR36; CCR37; CCR38,CCDC86; CHMP4A; HAT1; NT5DC2; RPS4Y1; ZNF589,"TCF7L2, TNFAIP3, IL1B, IL6, IL8, CXCL5, CCR4, CCR5, CCR6, CCR7, CCR9, CCR10, CCR11, CCR12, CCR13, CCR14, CCR15, CCR16, CCR17, CCR18, CCR19, CCR20, CCR21, CCR22, CCR23, CCR24, CCR25, CCR26, CCR27, CCR28, CCR29, CCR30, CCR31, CCR32, CCR33, CCR34, CCR35, CCR36, CCR37, CCR38, CCR39, CCR40, CCR41, CCR42, CCR43, CCR44, CCR45, CCR46, CCR47, CCR48, CCR49, CCR50, CCR51, CCR52, CCR53, CCR54, CCR55, CCR56, CCR57, CCR58, CCR59, CCR60,",0.0%,,
r053,abdominal aortic aneurysm,associates,24,LRP1; MMP2; MMP9,,ABCA3; ADAMTS10; ANGPTL4; CLEC2D; FBN1; GDF5; HSPB8; ITGB6; KRT7; MIR196A-5P; NID1; PTPN11; TGFBR2; VEGFC,AAAS; AGT; AGTR1; APOE; CCL2; CDKN2A; DAB2IP; ELN; LDLR; LOX; LRP1; MMP14; MMP2; MMP3; MMP9; NCF1; NFKB1; NOS2; P2RY12; PTGS2; SELL; SERPINE1; SOD2; TIMP4,"ABCA3, ADAMTS10, ANGPTL4, CLEC2D, FBN1, GDF5, HSPB8, ITGB6, KRT7, LRP1, MIR196A-5P, MMP2, MMP9, NID1, PTPN11, TGFBR2, VEGFC",12.5%,,
r054,Aminolevulinic acid,upregulates,16,,,ALAS2; ALAS3; UROS,CEBPD; CYTH1; DDIT4; EDEM1; HMOX1; HOMER2; INPP1; LGMN; LRRC16A; NFKBIA; NUCB2; POLD4; SPAG4; SPDEF; TIPARP; YTHDF1,"ALAS2, ALAS3, UROS",0.0%,,
r055,Carbidopa,upregulates,6,,,dacb1,EPCAM; PAK1; PIK3CA; PRKCQ; SSBP2; TRAPPC6A,dacb1,0.0%,,
r056,Hexetidine,downregulates,11,,,HEPZ1; HEPZ2,ATP6V1D; CDC25B; DLD; FBXO21; JMJD6; MRPS16; PDHX; TIMM9; TNIP1; VIM; ZW10,"HEPZ1, HEPZ2",0.0%,,
r057,Levothyroxine,downregulates,8,,,TSHR; TRAB; TRB1; TRB2; TRB3; TRB4; TRB5; TRB6; TRB7; TRB8; TRB9; TRB10; TRB11; TRB12; TRB13; TRB14; TRB15; TRB16; TRB17; TRB18; TRB19; TRB20; TRB21; TRB22; TRB23; TRB24; TRB25; TRB26; TRB27; TRB28; TRB29; TRB30; TRB31; TRB32; TRB33; TRB34; TRB35; TRB36; TRB37; TRB38,ATP6V1D; CDC20; FHL2; GTPBP8; HSPD1; NPDC1; PPP2R5E; RPS4Y1,"TSHR, TRAB, TRB1, TRB2, TRB3, TRB4, TRB5, TRB6, TRB7, TRB8, TRB9, TRB10, TRB11, TRB12, TRB13, TRB14, TRB15, TRB16, TRB17, TRB18, TRB19, TRB20, TRB21, TRB22, TRB23, TRB24, TRB25, TRB26, TRB27, TRB28, TRB29, TRB30, TRB31, TRB32, TRB33, TRB34, TRB35, TRB36, TRB37, TRB38, TRB39, TRB40, TRB41, TRB42, TRB43, TRB44, TRB45, TRB46, TRB47, TRB48, TRB49, TRB50, TRB51, TRB52, TRB53, TRB54, TRB55, TRB56, TRB57, TRB58, TRB59, TRB60, TRB",0.0%,,
r058,Nicardipine,upregulates,5,,,NOX2; NOS3,CCP110; LAMA3; ME2; NNT; SELL,"NOX2, NOS3",0.0%,,
r059,Metrizamide,upregulates,5,,,ACO2; CYP1A1; CYP1B1; CYP2C9; CYP2E1; GSTM1; NQO1,NPR3; PEX11A; PRKCQ; RPL39L; TMEM110,"ACO2, CYP1A1, CYP1B1, CYP2C9, CYP2E1, GSTM1, NQO1",0.0%,,
r060,Amcinonide,downregulates,11,,,AMCN; CYP2C19; CYP3A4; CYP3A5; CYP3A7; CYP3A8; CYP3A9; CYP3A10; CYP3A11; CYP3A12; CYP3A13; CYP3A14; CYP3A15; CYP3A16; CYP3A17; CYP3A18; CYP3A19; CYP3A20; CYP3A21; CYP3A22; CYP3A23; CYP3A24; CYP3A25; CYP3A26; CYP3A27; CYP3A28; CYP3A29; CYP3A30; CYP3A31; CYP3A32; CYP3A33; CYP3A34; CYP3A35; CYP3A36; CYP3A37; CYP3A38; CYP3A39; CYP3A40; CYP3A41; CYP3A42,ACAT2; ADGRG1; ARL4C; CCL2; DFFA; DKK3; DNMT3A; HAT1; IER3; IGFBP3; PTPRK,"AMCN, CYP2C19, CYP3A4, CYP3A5, CYP3A7, CYP3A8, CYP3A9, CYP3A10, CYP3A11, CYP3A12, CYP3A13, CYP3A14, CYP3A15, CYP3A16, CYP3A17, CYP3A18, CYP3A19, CYP3A20, CYP3A21, CYP3A22, CYP3A23, CYP3A24, CYP3A25, CYP3A26, CYP3A27, CYP3A28, CYP3A29, CYP3A30, CYP3A31, CYP3A32, CYP3A33, CYP3A34, CYP3A35, CYP3A36, CYP3A37, CYP3A38, CYP3A39, CYP3A40, CYP3A41, CYP3A42, CYP3A43, CYP3A44, CYP3A45, CYP3A46, C",0.0%,,
r061,Sitagliptin,downregulates,44,,,ABCC8; ATP2B1; CYP3A4; CYP3A5; CYP3A7; CYP3A9; CYP3A10; CYP3A11; CYP3A12; CYP3A13; CYP3A14; CYP3A15; CYP3A16; CYP3A17; CYP3A18; CYP3A19; CYP3A20; CYP3A21; CYP3A22; CYP3A23; CYP3A24; CYP3A25; CYP3A26; CYP3A27; CYP3A28; CYP3A29; CYP3A30; CYP3A31; CYP3A32; CYP3A33; CYP3A34; CYP3A35; CYP3A36; CYP3A37; CYP3A38; CYP3A39; CYP3A40; CYP3A41; CYP3A42; CYP3A43,ALAS1; APBB2; ATP11B; AURKB; BAX; BPHL; CD40; CHAC1; CORO1A; CRELD2; CTGF; CTNND1; CTSD; DFFA; DKK3; EDN1; EXT1; FRS2; IFNAR1; IL4R; ITFG1; KIAA0196; MEST; MRPL13; NVL; OSBPL10; PAPD7; PEG10; PLA2G4A; PLEKHM1; PRKX; PRUNE2; PSRC1; PTPN1; RFTN1; RND3; RTN2; SDC1; SHB; SLC38A1; SNX7; SUPV3L1; TCEA2; TGFB3,"ABCC8, ATP2B1, CYP3A4, CYP3A5, CYP3A7, CYP3A9, CYP3A10, CYP3A11, CYP3A12, CYP3A13, CYP3A14, CYP3A15, CYP3A16, CYP3A17, CYP3A18, CYP3A19, CYP3A20, CYP3A21, CYP3A22, CYP3A23, CYP3A24, CYP3A25, CYP3A26, CYP3A27, CYP3A28, CYP3A29, CYP3A30, CYP3A31, CYP3A32, CYP3A33, CYP3A34, CYP3A35, CYP3A36, CYP3A37, CYP3A38, CYP3A39, CYP3A40, CYP3A41, CYP3A42, CYP3A43, CYP3A44, CYP3A45, CYP3A46, CYP3A47, C",0.0%,,
r062,Fluconazole,downregulates,10,,,ABCC1; ABCG2; CYP3A4; CYP3A5; CYP3A7; CYP4F2; CYP4F6; CYP4F8; CYP4V2; FANCA; GJB2; HLA-A; HLA-B; HLA-C; HLA-E; HLA-F; HLA-G; HSPA9; LPL; MUC1; NUDT1; PAX2; SLC2A1; TUBB3; UGT2B15; VDR,ABCF3; ARFIP2; BAG3; CASC3; DNTTIP2; EPB41L2; HOXA5; PIGB; USP22; WFS1,"ABCC1, ABCG2, CYP3A4, CYP3A5, CYP3A7, CYP4F2, CYP4F6, CYP4F8, CYP4V2, FANCA, GJB2, HLA-A, HLA-B, HLA-C, HLA-E, HLA-F, HLA-G, HSPA9, LPL, MUC1, NUDT1, PAX2, SLC2A1, TUBB3, UGT2B15, VDR",0.0%,,
r063,Memantine,upregulates,5,,,DLG1; DISC1; GRIN2A; GRIN2B; GRIN2C; GRIN2D; GRIN3A; GRIN3B; GRIN4; MAPK8; MAPK9; MAPK10; NRG1; NRGN; PLCB1; PLCB2; PLCB3; PLCB4; PLCB5; PLCB6; PLCB7; PLCBD1; PLCBD2; PLCBD3; PLCBD4; PLCBD5; PLCBD6; PLCBD7; PLCBD8; PLCBD9; PLCBD10; PLCBD11; PLCBD12; PLCBD13; PLCBD14; PLCBD15; PLCBD16; PLCBD17; PLCBD18; PLCBD19,CASP7; CYTH1; NFKBIA; PRKCD; TIPARP,"DLG1, DISC1, GRIN2A, GRIN2B, GRIN2C, GRIN2D, GRIN3A, GRIN3B, GRIN4, MAPK8, MAPK9, MAPK10, NRG1, NRGN, PLCB1, PLCB2, PLCB3, PLCB4, PLCB5, PLCB6, PLCB7, PLCBD1, PLCBD2, PLCBD3, PLCBD4, PLCBD5, PLCBD6, PLCBD7, PLCBD8, PLCBD9, PLCBD10, PLCBD11, PLCBD12, PLCBD13, PLCBD14, PLCBD15, PLCBD16, PLCBD17, PLCBD18, PLCBD19, PLCBD20, PLCBD21, PLCBD22, PLCBD23, PLCBD24, PLCBD25, PLCBD26, PLCBD27, PLCBD28, PLCBD29, PLCBD30, PLCBD31, PLCBD32, PLCBD33, PLCBD34, PLCBD35, PLCBD36, PLCBD37, PLCBD38, PLCBD39, PLCBD40, PLCBD41, PLCBD42, PLCBD43, PLCBD44",0.0%,,
r064,Ketorolac,downregulates,6,,,COX2; COX3,CSRP1; DUSP4; IER3; NPDC1; RPS4Y1; UGDH,"COX2, COX3",0.0%,,
r065,Dextrothyroxine,upregulates,11,,,CYP3A4; CYP2D6,AGR2; CDK6; CEBPA; CNPY3; FOXO4; GHR; GPATCH8; NCK1; PCK2; STXBP1; TATDN2,"CYP3A4, CYP2D6",0.0%,,
r066,Flecainide,upregulates,8,,,KCNJ2; KCNH2; SCN5A,AARS; CDK6; DDIT4; EIF4EBP1; GARS; HMOX1; MTHFD2; PHGDH,"KCNJ2, KCNH2, SCN5A",0.0%,,
r067,Donepezil,downregulates,11,,,ARSB; CYP2B6; COMT; MAOB; SLC38A1,ARL4C; CANT1; CCL2; CCNB2; CDC20; IER3; PARP2; RAP1GAP; TOR1A; TP53BP1; TUBB6,"ARSB, CYP2B6, COMT, MAOB, SLC38A1",0.0%,,
r068,Calcipotriol,upregulates,24,,,TCF7L2; RORA,AARS; ADGRE5; ALDOC; BNIP3; CDKN1A; DDIT4; GADD45A; HERC6; HMOX1; IGFBP3; IL1B; INPP4B; MMP1; NET1; NFKBIA; NPC1; PCK2; PDGFA; PHGDH; POLD4; SQRDL; TCEA2; TXNRD1; ZFP36,"TCF7L2, RORA",0.0%,,
r069,Nizatidine,upregulates,38,,,KCNJ11; KCNH2; SCN4A,ATP11B; BMP4; BUB1B; CASP10; COL11A1; CTNND1; CXCR4; DFFB; DNMT1; FGFR2; FSD1; FZD1; HBB; HIST2H2BE; HLA-DRA; HS2ST1; IFNAR1; IPO13; KRT6A; MAP7; NARFL; NCAPD2; NFKBIE; PAK1; PCK2; PIK3CA; PRR15L; PTGS2; RAB27A; RBM15B; SLC27A3; SNX13; SPAG4; TBXA2R; TIMELESS; WDR7; ZFP36; ZNF274,"KCNJ11, KCNH2, SCN4A",0.0%,,
r070,Novobiocin,upregulates,7,,,NOX2; NOS3,BIRC2; E2F2; ERBB3; FOXO4; LPL; PTGS2; SUV39H1,"NOX2, NOS3",0.0%,,
r071,Reserpine,upregulates,54,,,SERPINE1; SERPINB2; SERPINB3; SERPINB4; SERPINB5; SERPINB6; SERPINB7; SERPINB8; SERPINB9; SERPINB10; SERPINB11; SERPINB12; SERPINB13; SERPINB14; SERPINB15; SERPINB16; SERPINB17; SERPINB18; SERPINB19; SERPINB20; SERPINB21; SERPINB22; SERPINB23; SERPINB24; SERPINB25; SERPINB26; SERPINB27; SERPINB28; SERPINB29; SERPINB30; SERPINB31; SERPINB32; SERPINB33; SERPINB34; SERPINB35; SERPINB36; SERPINB37; SERPINB38; SERPINB39; SERPINB40,AARS; ABCC5; ABHD4; ACLY; ALDOC; AMDHD2; BHLHE40; CDK19; CDK7; CPSF4; CTSL; DDIT4; DHCR7; EDEM1; FADS2; FOXO3; GSTA4; HDAC6; HLA-DMA; HMGCR; HMGCS1; HMOX1; INSIG1; KAT5; LRP10; LSS; MCOLN1; MSMO1; MVD; NFIL3; NPC1; NR1H2; NUCB2; NUPR1; ORAI3; PAK1; PCK2; PHGDH; PHKB; PLA2G15; PNKP; RBM6; SETD5; SLC1A4; SLC2A6; SPAG4; STX4; SULT2B1; TM7SF2; TOM1; TSC22D3; TSKU; VAT1; ZNF274,"SERPINE1, SERPINB2, SERPINB3, SERPINB4, SERPINB5, SERPINB6, SERPINB7, SERPINB8, SERPINB9, SERPINB10, SERPINB11, SERPINB12, SERPINB13, SERPINB14, SERPINB15, SERPINB16, SERPINB17, SERPINB18, SERPINB19, SERPINB20, SERPINB21, SERPINB22, SERPINB23, SERPINB24, SERPINB25, SERPINB26, SERPINB27, SERPINB28, SERPINB29, SERPINB30, SERPINB31, SERPINB32, SERPINB33, SERPINB34, SERPINB35, SERPINB36, SERPINB37, SERPINB38, SERPINB39, SERPINB40, SERPINB41, SERPINB42, SERPINB43, SERPINB44, SERPINB45, SERPINB46, SERPINB47, SERPINB48, SERPINB49, SERPINB50, SERPINB51, SERPINB",0.0%,,
r072,Penicillin V,upregulates,6,,,PENK,CDK6; CTNNAL1; EPHB2; HSD17B11; SATB1; SUV39H1,PENK,0.0%,,
r073,Salmeterol,upregulates,17,,,SALTRKB1A; SALTRKB2,ABHD4; ACAT2; ALDOC; DDIT4; EBP; EDEM1; FDFT1; FDPS; HMGCR; HMGCS1; IDI1; INSIG1; LGMN; MSMO1; MVD; NSDHL; SCD,"SALTRKB1A, SALTRKB2",0.0%,,
r074,Sulfamethizole,upregulates,10,,,SULT1A2; CYP3A4; CYP2C9; CYP2C19,CDK5R1; CXCL2; GHR; NNT; PROS1; RAB27A; TATDN2; TRAPPC6A; WRB; XBP1,"SULT1A2, CYP3A4, CYP2C9, CYP2C19",0.0%,,
r075,Terazosin,upregulates,7,,,AR; ERα; GR; HSD17B3; KDR; LPA; MEGF8; NOS2; PDE4DIE; PRKAG2; SLC2A9; TCF7L2,ABCC5; CASP2; CCP110; CES1; MSRA; RRS1; ZNF586,"AR, ERα, GR, HSD17B3, KDR, LPA, MEGF8, NOS2, PDE4DIE, PRKAG2, SLC2A9, TCF7L2",0.0%,,
r076,Trichlormethiazide,upregulates,7,,,TRIM28,CNOT4; GHR; HP; PEX11A; SERPINA3; TSEN2; WRB,TRIM28,0.0%,,
r077,Calcitriol,upregulates,38,,,VDR,ADGRE5; ALAS1; ARHGEF2; BCL2; BHLHE40; C2CD5; CCDC92; CCL22; CEBPA; CES1; CFLAR; CRIP1; CTSD; DDIT4; FOXO3; GADD45A; GLRX; IL4R; INPP1; LCN2; LPGAT1; MAL; MAPK13; MCOLN1; NFKBIA; NRIP1; PIK3C2B; POLD4; PTPN1; RNF167; SPP1; SRC; SYK; TBP; TCEA2; TSPAN3; TXNRD1; ZFP36,VDR,0.0%,,
r078,adrenal gland cancer,associates,38,CDKN2A; TP53,MYC ~ MYCN (0.857),ADGRG1; ADH1B; ADCY8; ARL3; ARHGAP24; ATF6; BCL2L11; BRCA1; BRIP1; CYP17A1; DDX5; EPHA9; FAM104A; GPR132; HLA-A; HLA-B; HLA-C; HLA-E; HLA-F; HLA-G; KMT2D; LRP1; MCM6; NFE2L2; NRAS; PDCD1LG2; PTEN; RASSF1A; SLC25A34; TCF7L2; UBE2I; VPS35; WDR11; XPA; YWHAZ,ABCB1; BAD; BRAF; CDC42; CDKN2A; CTNNB1; DAXX; EGFR; GNAS; GNRH1; GNRHR; HSD17B11; IGF1R; IGF2; KCNJ5; MED12; MEN1; MRPL48; MYCN; NR5A1; POMC; PRKACA; PTGS2; RB1; REN; RRM1; SDHB; SDHD; SFPQ; SH3KBP1; SPARC; SPRY2; TCTE1; TERT; TOP2A; TP53; TSHR; ZNRF3,"ADGRG1, ADH1B, ADCY8, ARL3, ARHGAP24, ATF6, BCL2L11, BRCA1, BRIP1, CDKN2A, CYP17A1, DDX5, EPHA9, FAM104A, GPR132, HLA-A, HLA-B, HLA-C, HLA-E, HLA-F, HLA-G, KMT2D, LRP1, MCM6, MYC, NFE2L2, NRAS, PDCD1LG2, PTEN, RASSF1A, SLC25A34, TCF7L2, TP53, UBE2I, VPS35, WDR11, XPA, YWHAZ",5.3%,,
r079,migraine,associates,46,,,AADC; BHLHE4; CAMK2B; GNAS; GPR98; SLC1A3; TPM3,ACE; AJAP1; ASTN2; ATP1A2; ATP1A3; BDNF; CACNA1A; CALCA; CALCRL; DGCR14; EDNRA; ESR1; FHL5; FOS; GOLPH3; HTR1A; HTR1B; HTR1D; HTR2A; HTR2B; HTR2C; HTR3A; HTR7; KCNK18; LRP1; LTA; MEF2D; MTHFR; NOTCH3; NOTCH4; NPS; P2RX3; PGR; PHACTR1; PRDM16; PRRT2; RAMP1; SCN1A; SCN2A; SLC6A4; SUGCT; TAC1; TGFBR2; TNF; TRPM8; TSPAN2,"AADC,BHLHE4,CAMK2B,GNAS,GPR98,SLC1A3,TPM3",0.0%,,
r080,Kawasaki disease,associates,14,CCR5,,NOX2; TNFAIP3; IL1B; IFNG; STAT4; PTN; CXCL8; FPR2; TLR4; LTA; CD68,ADCK4; BLK; CA8; CCR5; CD4; CD40; CENPU; CRP; FCGR2A; IL10; ITGAE; ITPKC; MMP9; VEGFA,"NOX2, TNFAIP3, IL1B, IFNG, STAT4, PTN, CCR5, CXCL8, FPR2, TLR4, LTA, CD68",7.1%,,
r081,attention deficit hyperactivity disorder,associates,41,ANK3; BDNF; DRD4; HTR2A; SLC6A4; TPH2,CHRNA7 ~ CHRNA4 (0.833),ACSN1; ADH1B; ADCY8; CNTNAP2; DAB1; DISC1; EFNA5; FMRP; GAD1; GRM6; KCNJ2; KCTD10; LMX1A; MAPT; MEG3; NRG1; NRXN1; OPN1SW; PDE4DIP; PRDM16; RAI1; SCN1A; SCN9A; UBE3A; VPS13C; WDR45,ADRA2A; ADRA2C; ANK3; AS3MT; BDNF; CACNA1C; CACNB2; CCDC68; CHRNA4; COMT; CSMD1; DPYD; DRD1; DRD2; DRD3; DRD4; DRD5; EFS; EP300; GABRQ; GRM7; HRH3; HTR1B; HTR2A; IMPACT; ITIH3; MAOA; MB21D1; MMP16; POLR3A; RTN4; SLC6A3; SLC6A4; SLC9A9; SNAP23; SNAP25; SNAP29; STUB1; SYNE1; TENM4; TPH2,"ACSN1, ADH1B, ADCY8, ANK3, BDNF, CHRNA7, CNTNAP2, DAB1, DISC1, DRD4, EFNA5, FMRP, GAD1, GRM6, HTR2A, KCNJ2, KCTD10, LMX1A, MAPT, MEG3, NRG1, NRXN1, OPN1SW, PDE4DIP, PRDM16, RAI1, SCN1A, SCN9A, SLC6A4, TPH2, UBE3A, VPS13C, WDR45",14.6%,,
r082,Creutzfeldt-Jakob disease,associates,7,PRNP,,CDKL5,CTSD; HLA-DQB1; MTMR7; NPAS2; PRND; PRNP; YWHAZ,"CDKL5, PRNP",14.3%,,
r083,testicular cancer,associates,23,STK11; KIT; FGFR3,,TP53; RB1; PTEN; CDKN2A; BRCA1; BRCA2; TP63; SMAD4; PIK3CA; AKT1; ATM; CHEK2; BARD1; DCC; APC; NF1; PTCH1; NOTCH1; RAS; HRAS; NRAS; TP73; TSC1; TSC2; MET; EGFR; KRAS; BRAF; RAF1; PIK3R1; PIK3CD; PIK3CA; PIK3CB; PIK3R3; PIK3R4; PIK3R5; PIK3CG; PIK3C3; MAPK1; MAPK3,ATF7IP; BCL10; DAZL; DMRT1; DNMT3L; ERCC1; ERCC4; FGFR3; GGN; H2AFZ; HPGDS; INSL3; KIT; KITLG; MAD1L1; MMP2; PITX1; PRDM14; RFWD3; SLC2A6; STK10; STK11; TFAP2C,"TP53, RB1, PTEN, CDKN2A, BRCA1, BRCA2, TP63, STK11, SMAD4, PIK3CA, AKT1, ATM, CHEK2, BARD1, DCC, APC, NF1, PTCH1, KIT, NOTCH1, RAS, HRAS, NRAS, TP73, TSC1, TSC2, FGFR3, MET, EGFR, KRAS, BRAF, RAF1, PIK3R1, PIK3CD, PIK3CA, PIK3CB, PIK3R3, PIK3R4, PIK3R5, PIK3CG, PIK3C3, MAPK1, MAPK3, MAPK14, MAPK8, MAPK9, MAPK10, MAPK12, MAPK13, MAPK14, MAPK15, MAPK16, MAPK17, MAPK18, MAPK19, MAPK2, MAPK3, MAPK4, MAPK5, MAPK6, MAPK7, MAPK8, MAPK9, MAPK10, MAPK11, MAPK12, MAPK13, MAPK14, MAPK15, MAPK16, MAPK17",13.0%,,
r084,gout,associates,18,ABCG2,,HMGCR; LCAT; APOB; HSD3B7; SLC25A4; FURIN; ADAMTS1; ALDH1A3; CYP2C9; CYP2C8; CYP2C6; CYP2C19; CYP2D6; CYP2E1; CYP2C10; CYP2C2; CYP2C1; CYP2C3; CYP2C4; CYP2C5; CYP2C7; CYP2C9_2; CYP2C10_2; CYP2C11; CYP2C12; CYP2C13; CYP2C14; CYP2C15; CYP2C16; CYP2C17; CYP2C18; CYP2C19_2; CYP2C20; CYP2C21; CYP2C22; CYP2C23; CYP2C24; CYP2C25; CYP2C26; CYP2C27,ABCG2; ALDH16A1; BCKDHA; CASP1; HPRT1; IL15; IL1RN; LRRC16A; NLRP3; POMC; PRPS1; PRPS2; SLC17A1; SLC17A3; SLC22A11; SLC22A12; SLC2A9; UMOD,"HMGCR, LCAT, APOB, HSD3B7, ABCG2, SLC25A4, FURIN, ADAMTS1, ALDH1A3, CYP2C9, CYP2C8, CYP2C6, CYP2C19, CYP2D6, CYP2E1, CYP2C10, CYP2C2, CYP2C1, CYP2C3, CYP2C4, CYP2C5, CYP2C7, CYP2C9_2, CYP2C10_2, CYP2C11, CYP2C12, CYP2C13, CYP2C14, CYP2C15, CYP2C16, CYP2C17, CYP2C18, CYP2C19_2, CYP2C20, CYP2C21, CYP2C22, CYP2C23, CYP2C24, CYP2C25, CYP2C26, CYP2C27, CYP2C28, CYP2C29, CYP2C30, CYP2C31, CYP2C32, CYP2C",5.6%,,
r085,vitiligo,associates,38,TYR; MC1R,,VITM1; SLC45A2; CYP3A4; OCA2; AGTR1; CDKN2B-AS1; PTCH1; LRRFIP2; RHOBTB7; PAX3; NRAS; MAP2K1; FOS; JUN; STAT3; TP63; KRT8; KRT10; KCNQ1; GNAI2; TNFRSF17; TRAF3; IRF1; IL17RA; IFNGR2; CXCL13; CCR9; FCGR3A; HLA-DQB1; HLA-DRB1; HLA-A; HLA-B; HLA-C; HLA-E; HLA-F; HLA-G; HLA-H; HLA-DRB3; HLA-DRB4; HLA-DRB5,AIRE; BACH2; C12orf10; C1QTNF6; CASP7; CAT; CCR6; CD44; CD80; CD8A; CLNK; CTLA4; DCT; DDX6; FOXP1; GSTM1; GSTT1; GZMB; HERC2; IFIH1; IKZF4; IL2RA; LPP; LRR1; MC1R; MITF; MLANA; NLRP1; PTPN22; RERE; RNASET2; SH2B3; SLA; SMOC2; TOB2; TYR; TYRP1; UBASH3A,"VITM1, TYR, SLC45A2, CYP3A4, MC1R, OCA2, AGTR1, CDKN2B-AS1, PTCH1, LRRFIP2, RHOBTB7, PAX3, NRAS, MAP2K1, FOS, JUN, STAT3, TP63, KRT8, KRT10, KCNQ1, GNAI2, TNFRSF17, TRAF3, IRF1, IL17RA, IFNGR2, CXCL13, CCR9, FCGR3A, HLA-DQB1, HLA-DRB1, HLA-A, HLA-B, HLA-C, HLA-E, HLA-F, HLA-G, HLA-H, HLA-DRB3, HLA-DRB4, HLA-DRB5, HLA-DRB6, HLA-DRB7, HLA-DRB8, HLA-DRB9, HLA-DQA1, HLA-DQB1, HLA-DRB1, HLA-DRB2, HLA-DRB3, HLA-DRB4, HLA-DRB5, HLA-DRB6, HLA-DRB7, HLA-DRB8, HLA-",5.3%,,
r086,meningioma,associates,28,TP53; PTEN; AKT1; ERBB2,,NF1; STK17B; CDKN2A; CCND1; KIT; EGFR; BRAF; NRAS; KRAS; TP63; SMARCA4; PIK3CA; MAP2K1; MAP2K2; RAF1; BCL2L11; NOTCH1; MYC; PDCD1; TERT; RB1; DCC; JAK2; FGFR3; MET; ABL1; AKT2; AKT3; RHOBTB4; GNAQ; GNA11; PRKAG2; PPP2R1A; PPP2R1B; PPARG; SLC2A9; FGF8; FGF10; FGF19; FGF21,AKT1; ALAD; AP1B1; CD34; CST3; CSTB; CTSL; EPB41L3; ERBB2; HES1; MLLT10; MN1; NAB2; NF2; PDGFB; PGR; PLAU; PLAUR; PRDM10; PTEN; SMARCB1; SMARCE1; SMO; TMEM97; TP53; TRAF7; TSHB; TXNDC16,"TP53, PTEN, NF1, STK17B, CDKN2A, CCND1, KIT, EGFR, BRAF, NRAS, KRAS, TP63, SMARCA4, PIK3CA, MAP2K1, MAP2K2, RAF1, BCL2L11, NOTCH1, MYC, PDCD1, TERT, RB1, DCC, JAK2, FGFR3, MET, ABL1, AKT1, AKT2, AKT3, ERBB2, RHOBTB4, GNAQ, GNA11, PRKAG2, PPP2R1A, PPP2R1B, PPARG, SLC2A9, FGF8, FGF10, FGF19, FGF21, FGF23, VEGFA, VEGFB, VEGFC, VEGFD, VEGFE, VEGFF, VEGFG, VEGFH, VEGFI, VEGFK, VEGFL, VEGFM, VEGFN, VEGFO, VEGFP, VEGFS, VEGFT, VEGFU, VEGFY, VEGFZ, VEGFX, VEGFY, VEGFZ, VEGFX, VEGFY, VEGFZ, VEGFX",14.3%,,
r087,ocular cancer,associates,54,TP53; RB1; AKT1; MYC; CCND1,CDKN2A ~ CDKN1A (0.833),PTEN; SMAD4; NF1; STK11/LKB1; PIK3CA; BRCA2; TP63; TERT; MLH1; MSH2; DCC; NOTCH1; JAK2; STAT3; KIT,AKT1; AZU1; BAP1; CCND1; CCND2; CCND3; CDC25A; CDK2; CDK4; CDK6; CDKN1A; CDKN1B; CDKN2B; CDKN2C; CRTC1; E2F1; E2F2; E2F3; E2F4; E2F5; EIF1AX; EP300; ESD; GNA11; GNAQ; H1F0; HDAC1; HRAS; HTATIP2; ID2; KRTAP1-3; MAML2; MDM2; MYBL2; MYC; MYCN; OCM; PRDM2; PSPH; RB1; RBBP4; RBL1; RBL2; RGCC; RPL39; RPL39L; S100A1; SAG; SF3B1; TBX3; TFDP1; TGFB1; TP53; ZNF654,"TP53, RB1, CDKN2A, PTEN, SMAD4, NF1, STK11/LKB1, PIK3CA, AKT1, BRCA2, TP63, TERT, MLH1, MSH2, DCC, NOTCH1, JAK2, STAT3, MYC, CCND1, KIT",9.3%,,
r088,gallbladder cancer,associates,13,TP53,,ABCA12; ABCB4; ABCD1; ABCG8; ADAMTS9; APOA5; ATP7C; BCL6; BRCA1; BRCA2; CDH1; CYP2E1; DDX3X; ESR1; FANCF; GATA3; HLA-A; HLA-B; HLA-C; HLA-E; HLA-F; HLA-G; KMT2D; LRP2; MGMT; MYC; NFE2L2; PAX8; PTEN; RASSF1A; SLC25A4; TERT; UBE2I; VPS35,BCL2; EGFR; ERBB2; ERBB3; ERBB4; HRAS; KEAP1; KRAS; NEK8; NRAS; PDPN; TP53; UCHL1,"ABCA12, ABCB4, ABCD1, ABCG8, ADAMTS9, APOA5, ATP7C, BCL6, BRCA1, BRCA2, CDH1, CYP2E1, DDX3X, ESR1, FANCF, GATA3, HLA-A, HLA-B, HLA-C, HLA-E, HLA-F, HLA-G, KMT2D, LRP2, MGMT, MYC, NFE2L2, PAX8, PTEN, RASSF1A, SLC25A4, TERT, TP53, UBE2I, VPS35",7.7%,,
r089,dental caries,associates,13,,,ABCC11; ABCG2; ADH1B; ALDH2; AMACR; CYP1A1; CYP1A2; CYP26C1; DUSP9; FAM43B; GNAS; HSD17B1; KCNJ5; KCNJ10; LCT; MTHFR; NAGPA; NR5A1; OGG1; PAX8; PRSS1; SLC25A3; TSPAN10; UGT2B15; VDR; WNT5A,ANGPTL6; CD79A; CDIPT; CNOT8; CPQ; DEDD; DMTF1; INO80; IRF6; LTF; LYZL2; SMARCA2; SMARCA4,"ABCC11, ABCG2, ADH1B, ALDH2, AMACR, CYP1A1, CYP1A2, CYP26C1, DUSP9, FAM43B, GNAS, HSD17B1, KCNJ5, KCNJ10, LCT, MTHFR, NAGPA, NR5A1, OGG1, PAX8, PRSS1, SLC25A3, TSPAN10, UGT2B15, VDR, WNT5A",0.0%,,
r090,Paget's disease of bone,associates,16,TNFRSF11B,,PTPN22; TNFSF10; TRAF3; MAPK8; MAPK14; IRAK1; IRF5; STAT1; STAT3; STAT6; JAK1; JAK2; JAK3; TYK2; BCL11A; CCR9; CXCR4; FOS; JUN; MITF; NRAS; RAC1; RAF1; BRAF; KRAS; HRAS; PIK3CA; PIK3R1; PIK3CD; PIK3CG; PIK3R3; PIK3R4; PTEN; TP53; TSC1; TSC2; STK17B; SMAD4; SMAD3; SMAD2,ALPL; ALPP; ALPPL2; BGLAP; CALCA; CSF1; DCSTAMP; INPP5D; NUP205; OPTN; PML; RIN3; SQSTM1; TNFRSF11A; TNFRSF11B; VCP,"PTPN22, TNFSF10, TNFRSF11B, TRAF3, MAPK8, MAPK14, IRAK1, IRF5, STAT1, STAT3, STAT6, JAK1, JAK2, JAK3, TYK2, BCL11A, CCR9, CXCR4, FOS, JUN, MITF, NRAS, RAC1, RAF1, BRAF, KRAS, HRAS, PIK3CA, PIK3R1, PIK3CD, PIK3CG, PIK3R3, PIK3R4, PTEN, TP53, TSC1, TSC2, STK17B, SMAD4, SMAD3, SMAD2, SMAD1, SMAD7, SMAD9, SMAD10, SMAD11, SMAD12, SMAD13, SMAD14, SMAD15, SMAD16, SMAD17, SMAD18, SMAD19, SMAD20, SMAD21, SMAD22, SMAD23, SMAD24, SMAD25, SMAD26, SMAD27, SMAD28, SMAD29, SMAD30, SMAD31, SMAD32, SM",6.2%,,
r091,focal segmental glomerulosclerosis,associates,44,,,Focal_segmental_glomerulosclerosis_GWAS; FSGS1; FSGS2; FSGS3; FSGS4; FSGS5; FSGS6; FSGS7; FSGS8; FSGS9; FSGS10,ACE; ACTA2; ACTN4; AGT; AGTR1; AGTR2; ALB; ANGPT2; APOL1; CD2AP; CD40LG; CD79A; COL4A1; COL4A3; COL4A4; CTGF; EDN1; FN1; GNAQ; HAVCR1; INF2; LIPC; LPL; MMP2; MMP9; MPV17; MYH10; MYH9; MYO1E; NOS2; NPHS1; NPHS2; PCNA; PIAS1; PODXL; PTPRO; SERPINE1; SPG7; SPP1; TGFB1; TRPC6; VLDLR; WT1; ZMPSTE24,"Focal_segmental_glomerulosclerosis_GWAS, FSGS1, FSGS2, FSGS3, FSGS4, FSGS5, FSGS6, FSGS7, FSGS8, FSGS9, FSGS10",0.0%,,
r092,malignant mesothelioma,associates,9,,,SMAD4; TP53; BAP1,CALB2; EPCAM; KRT5; MCAM; MSLN; NF2; PTGER4; THBD; WT1,"SMAD4, TP53, BAP1",0.0%,,
r093,thoracic aortic aneurysm,associates,13,FBN1; MYH11,,THBS1; TNFAIP3; TSPAN8; ITGB2; COL4A5; COL4A6; MAP3K7; PTPN22; PTEN; SMAD9; RAC1; VEGFC; CDKN2B-AS1,ACTA2; ADAM10; ADAM17; FBN1; MMP2; MMP9; MYH11; MYLK; PRKG1; SMAD3; TGFB2; TGFBR1; TGFBR2,"THBS1, TNFAIP3, TSPAN8, ITGB2, FBN1, COL4A5, COL4A6, MAP3K7, PTPN22, PTEN, SMAD9, MYH11, RAC1, VEGFC, CDKN2B-AS1",15.4%,,
r094,nephrolithiasis,associates,26,,SLC26A3 ~ SLC26A1 (0.857),NPHS1; NPHS2; KCNJ5; CYP4F2; FBN1; COL8A3; COL8A5; TNNI3; MYH11; TPM3; LRP1; PTPN22; CDKN2B-AS1; DUSP9; ATP7B; CLCNKB; SCN1A; SCN2A; SCN3A; SCN4A; SCN5A; SCN8A; KCNE1; KCNH2; KCNE2; KCNE3; KCNA5; KCNB1; KCND2; KCNE4; KCNE5; KCNE6; KCNE7; KCNE8; KCNE9; KCNE10; KCNE11; KCNE12; KCNE13; KCNE14,ADCY10; AGXT; AMBP; APRT; AQP1; ATP6V0A4; CHRM3; CLCN4; CLCN5; CLDN14; CLDN16; DGKH; GRHPR; PFN3; PTH; RGS14; SLC22A12; SLC26A1; SLC26A6; SLC2A9; SLC34A1; SLC34A3; SLC3A1; SLC7A9; SPP1; UMOD,"NPHS1, NPHS2, KCNJ5, CYP4F2, FBN1, COL8A3, COL8A5, TNNI3, MYH11, TPM3, LRP1, PTPN22, CDKN2B-AS1, DUSP9, SLC26A3, ATP7B, CLCNKB, SCN1A, SCN2A, SCN3A, SCN4A, SCN5A, SCN8A, KCNE1, KCNH2, KCNE2, KCNE3, KCNA5, KCNB1, KCND2, KCNE4, KCNE5, KCNE6, KCNE7, KCNE8, KCNE9, KCNE10, KCNE11, KCNE12, KCNE13, KCNE14, KCNE15, KCNE16, KCNE17, KCNE18, KCNE19, KCNE20, KCNE21, KCNE22, KCNE23, KCNE24, KCNE25, KCNE26, KCNE27, KCNE28, KCNE29, KCNE30, KCNE31, KCNE32, KCNE33, KCNE34, KCNE35, KCNE36, KCNE37",0.0%,,
r095,alopecia areata,associates,12,IL2RA,,ITGA2B; ITGB3; CDKN1A; TNFSF4; STAT5B; PTPN6; MAPK8; FOS; JUN; NRAS; KRAS; HRAS; PIK3CA; PTEN; TP53; NOTCH1; RORC; RUNX1; TCF7L2; GATA3; IRF4; CCR9; IFNGR2; IL2RG; IL10RB; IL10RA; IL10R1; IL1RAPL1; IL1RN; IL18R1; IL18RC; IL18R2; IL23R; IL2RB; IL2RG; IL2ST; IL1RL1; IL1RL1B; IL1RL1C; IL1RL1D,CD4; CD8A; CTLA4; CXCL10; CXCL9; CXCR3; IKZF4; IL2RA; PRDX5; RAET1L; STX17; ULBP3,"ITGA2B, ITGB3, CDKN1A, TNFSF4, STAT5B, PTPN6, MAPK8, FOS, JUN, NRAS, KRAS, HRAS, PIK3CA, PTEN, TP53, NOTCH1, RORC, RUNX1, TCF7L2, GATA3, IRF4, CCR9, IL2RA, IFNGR2, IL2RG, IL10RB, IL10RA, IL10R1, IL1RAPL1, IL1RN, IL18R1, IL18RC, IL18R2, IL23R, IL2RB, IL2RA, IL2RG, IL2ST, IL1RL1, IL1RL1B, IL1RL1C, IL1RL1D, IL1RL1E, IL1RL1F, IL1RL1G, IL1RL1H, IL1RL1I, IL1RL1J, IL1RL1K, IL1RL1L, IL1RL1M, IL1RL1N, IL1RL1O, IL1RL1P, IL1RL1Q, IL1RL1R, IL1RL1S, IL1RL1T, IL1RL1U, IL1RL1V, IL1RL",8.3%,,
r096,rectum cancer,associates,17,TP53; KRAS; NRAS,,SMAD4; PTEN; TP63; APC; MLH1; MSH2; DCC; CDH1; KRBBB1; STK11; PIK3CA; PIK3R1; PIK3CG; PIK3CB; PIK3R3; PIK3R2; AKT1; AKT2; AKT3; BRCA1; BRCA2; ATM; CHEK2; BARD1; PMS2; RAD50; MLH3; EPCAM; TGFBR2; TGFB1; TGFB2; TGFB3; VIM; CCNE1; CCND1; CCNB1; CCNB2; CIC; CTNNB1; NF1,CD6; DKKL1; HRAS; ITGA2; KRAS; KRT20; KRT7; MYRF; NRAS; RAB11B; RAB1A; SCRT1; SLC14A2; SMUG1; TP53; TYMS; ZXDC,"TP53, KRAS, NRAS, SMAD4, PTEN, TP63, APC, MLH1, MSH2, DCC, CDH1, KRBBB1, STK11, PIK3CA, PIK3R1, PIK3CG, PIK3CB, PIK3R3, PIK3R2, AKT1, AKT2, AKT3, BRCA1, BRCA2, ATM, CHEK2, BARD1, PMS2, RAD50, MLH3, EPCAM, TGFBR2, TGFB1, TGFB2, TGFB3, VIM, CCNE1, CCND1, CCNB1, CCNB2, CIC, CTNNB1, NF1, NOTCH1, RARRES3, SFRP1, SFRP2, SFRP3, SFRP4, SFRP5, SFRP6, SFRP7, SFRP8, SFRP9, SFRP10, SFRP11, SFRP12, SFRP13, SFRP14, SFRP15, SFRP16, SFRP17, SFRP18, SFRP19, SFRP20, SFRP21",17.6%,,
r097,vascular cancer,associates,9,,,VEGFA; VEGFB; VEGFC; VEGFD; KDR; KRAS; NRAS; HRAS; BCR-ABL; FLT3; NPM1; CEBPA; IDH1; IDH2; TP53; PIK3CA; PTEN; SMAD4; NOTCH1; JAK2; ABL1; BRAF; MET; EGFR; ERBB2; HER2; ALK; ROS1; FGFR1; FGFR2; FGFR3; FGFR4; PDGFRA; PDGFRB; PDGFRD; PDGFRG; KIT; CDKN2A; CDKN2B; CDKN2C,CALD1; CAMTA1; CD34; HBA1; MITF; MLANA; TFE3; TSC2; WWTR1,"VEGFA, VEGFB, VEGFC, VEGFD, KDR, KRAS, NRAS, HRAS, BCR-ABL, FLT3, NPM1, CEBPA, IDH1, IDH2, TP53, PIK3CA, PTEN, SMAD4, NOTCH1, JAK2, ABL1, BRAF, MET, EGFR, ERBB2, HER2, ALK, ROS1, FGFR1, FGFR2, FGFR3, FGFR4, PDGFRA, PDGFRB, PDGFRD, PDGFRG, KIT, CDKN2A, CDKN2B, CDKN2C, CDKN2D, CDKN2E, CDKN2F, CDKN2G, CDKN2H, CDKN2I, CDKN2J, CDKN2K, CDKN2L, CDKN2M, CDKN2N, CDKN2O, CDKN2P, CDKN2Q, CDKN2R, CDKN2S, CDKN2T, CDKN2U, CDKN2V, CDKN2W, CDKN2X, CDKN2Y, CDKN2Z, CDKN2AA, CDKN2AB, CDKN2AC, CDKN2AD, CDKN2AE, CDKN2AF, CD",0.0%,,
r098,membranous glomerulonephritis,associates,27,MMP9,,TGFBR2; CD44; FN1; COL3A1; FBN1; ITGA5; VEGFA; PTPN22; TNFSF10,ABCA1; ALB; APOA1; APOE; C3; C7; CD40; CD40LG; CD79A; CFH; GAA; HLA-DQA1; HLA-DRB1; IL1B; LRP2; LRPAP1; MMP9; NPHS1; NPHS2; PLA2G1B; PLA2R1; PLG; PTPRU; RHOA; SPARC; SPG7; TBXAS1,"MMP9, TGFBR2, CD44, FN1, COL3A1, FBN1, ITGA5, VEGFA, PTPN22, TNFSF10",3.7%,,
r099,larynx cancer,associates,5,TP53,,RB1; SMAD4; CDKN2A; TP63; NOTCH1; PIK3CA; PTEN; KRAS; NF1; STK11; APC; BRCA2; TP73; SMARCB1; MYC; CCNE1; EGFR; MET; FGFR1; RAF1; NRAS; BRAF; PIK3R1; PIK3CD; PIK3CA; PIK3R3; PIK3CG; PIK3CE; PIK3R4; PIK3R5; PIK3R6; PIK3R7; PIK3R8; PIK3R9; PIK3R10; PIK3R11; PIK3R12; PIK3R13; PIK3R14; PIK3R15,ACOT13; HPD; OAF; PDPN; TP53,"TP53, RB1, SMAD4, CDKN2A, TP63, NOTCH1, PIK3CA, PTEN, KRAS, NF1, STK11, APC, BRCA2, TP73, SMARCB1, MYC, CCNE1, EGFR, MET, FGFR1, RAF1, NRAS, BRAF, PIK3R1, PIK3CD, PIK3CA, PIK3R3, PIK3CG, PIK3CE, PIK3R4, PIK3R5, PIK3R6, PIK3R7, PIK3R8, PIK3R9, PIK3R10, PIK3R11, PIK3R12, PIK3R13, PIK3R14, PIK3R15, PIK3R16, PIK3R17, PIK3R18, PIK3R19, PIK3R20, PIK3R21, PIK3R22, PIK3R23, PIK3R24, PIK3R25, PIK3R26, PIK3R27, PIK3R28, PIK3R29, PIK3R30, PIK",20.0%,,
