qid,relation,question,graph_answer,n_valid_answers,A_without_tahi,B_with_tahi,tahi_corrected,A_auto_match,B_auto_match,HUMAN_VERDICT_A,HUMAN_VERDICT_B
q0000,resembles,Which compound does Droxidopa resemble?,Aminosalicylic Acid; Carbidopa; Dopamine; Epinephrine; Isoetarine,12,L-DOPA,L-DOPA,False,True,True,,
q0001,downregulates,Which gene does the compound Sulfadimethoxine downregulate?,MRPS16; NR2F6; TIMM9; UBQLN2,4,P-glycoprotein,MRPS16,True,False,True,,
q0002,downregulates,Which gene does the compound Desipramine downregulate?,CDC20; FBXO21; HAT1; IFRD2,4,Noradrenaline Transporter (DAT) Gene,CDC20,True,False,True,,
q0003,resembles,Which compound does Ketorolac resemble?,Fenbufen; Ketoprofen; Mebendazole; Nepafenac; Tolmetin,5,Ibuprofen,Fenbufen,True,False,True,,
q0004,resembles,Which compound does Pitavastatin resemble?,Atorvastatin,1,Atorvastatin,Atorvastatin,False,True,True,,
q0005,upregulates,Which gene does the compound Clozapine upregulate?,ST3GAL5,1,NRG1,ST3GAL5,True,False,True,,
q0006,upregulates,Which gene does the compound Dexrazoxane upregulate?,CNOT4; CPVL,2,VKORC1,CNOT4,True,False,True,,
q0007,binds,Which gene does the compound Fusidic Acid bind?,ABCB11; ABCC2,2,fusA,ABCB11,True,False,True,,
q0008,resembles,Which compound does Ouabain resemble?,Deslanoside; Digitoxin,2,Cardiac glycosides,Deslanoside,True,False,True,,
q0009,treats,Which disease does the compound Tretinoin treat?,peripheral nervous system neoplasm,1,Vitiligo,peripheral nervous system neoplasm,True,False,True,,
q0010,binds,Which gene does the compound Pentosan Polysulfate bind?,FGF1; FGF2; FGF4,3,IDUA,FGF1,True,False,True,,
q0011,treats,Which disease does the compound Ursodeoxycholic acid treat?,primary biliary cirrhosis,1,Cholangitis,primary biliary cirrhosis,True,False,True,,
q0012,downregulates,Which gene does the compound Chlorhexidine downregulate?,B4GAT1; BAG3; CCDC86; CDC45; GINS2,25,ABCB1,B4GAT1,True,False,True,,
q0013,treats,Which disease does the compound Etidronic acid treat?,Paget's disease of bone; osteoporosis,2,osteoporosis,osteoporosis,False,True,True,,
q0014,downregulates,Which gene does the compound Podofilox downregulate?,ABCB6; ABCC6; ABCF3; ABHD10; ADCK3,250,ABCB1,ABCB6,True,False,True,,
q0015,resembles,Which compound does Spironolactone resemble?,Cortisone acetate; Eplerenone; Fluoxymesterone; Hydrocortamate; Medroxyprogesterone Acetate,11,Potassium Chloride,Cortisone acetate,True,False,True,,
q0016,treats,Which disease does the compound Efavirenz treat?,acquired immunodeficiency syndrome,1,AIDS,acquired immunodeficiency syndrome,True,False,True,,
q0017,associates,Which gene is associated with the disease osteoarthritis?,ADAMTS13; ADAMTS3; ADAMTS4; ADAMTS5; ALDH1A2,62,The gene associated with osteoarthritis is COL2A1.,The gene associated with osteoarthritis is COL2A1.,False,True,True,,
q0018,upregulates,Which gene does the compound Penicillin V upregulate?,CDK6; CTNNAL1; EPHB2; HSD17B11; SATB1,6,Penicillin V upregulates the gene encoding for penicillin-binding proteins (PBPs).,CDK6,True,False,True,,
q0019,binds,Which gene does the compound Diethylpropion bind?,SLC6A2; SLC6A3,2,Bupropion,SLC6A2,True,False,True,,
q0020,treats,Which disease does the compound Bumetanide treat?,hypertension,1,Edema,hypertension,True,False,True,,
q0021,binds,Which gene does the compound Nafarelin bind?,GNRHR,1,GnRH,GNRHR,True,False,True,,
q0022,treats,Which disease does the compound Pyrimethamine treat?,malaria,1,Malaria,Malaria,False,True,True,,
q0023,resembles,Which compound does Ammonium lactate resemble?,L-Alanine,1,Lactose,L-Alanine,True,False,True,,
q0024,upregulates,Which gene does the compound Gliquidone upregulate?,MAFB; PAK1,2,CYP2C19,MAFB,True,False,True,,
q0025,binds,Which gene does the compound Nalbuphine bind?,OPRD1; OPRK1; OPRM1,3,mu-opioid receptor,OPRD1,True,False,True,,
q0026,binds,Which gene does the compound Betamethasone bind?,ABCB1; CYP19A1; CYP3A4; NR3C1; NR3C2,8,Corticosteroid receptor binding protein (CRBP),ABCB1,True,False,True,,
q0027,binds,Which gene does the compound Aprindine bind?,CALM1; CALM2; CALM3; CYP2D6; ORM1,6,P-gp,CALM1,True,False,True,,
q0028,resembles,Which compound does Chlordiazepoxide resemble?,Adinazolam; Alprazolam; Amoxapine; Chlorprothixene; Clobazam,18,Phenothiazine,Adinazolam,True,False,True,,
q0029,downregulates,Which gene does the compound Cisapride downregulate?,HSD17B10; MRPS16; NT5DC2; PGAM1; PUF60,7,P-gp,HSD17B10,True,False,True,,
q0030,downregulates,Which gene does the compound Mephentermine downregulate?,CYCS; DLD; RNF167,3,Dopamine transporter,CYCS,True,False,True,,
q0031,binds,Which gene does the compound Guanethidine bind?,CYP3A4; SLC6A2,2,Tyrosine kinase receptor,CYP3A4,True,False,True,,
q0032,resembles,Which compound does Doxycycline resemble?,Clomocycline; Demeclocycline; Lymecycline; Methacycline; Minocycline,8,Tetracycline,Clomocycline,True,False,True,,
q0033,binds,Which gene does the compound Vidarabine bind?,ADA; ADK; ADORA2A; DPP4,4,T7 RNA polymerase,ADA,True,False,True,,
q0034,binds,Which gene does the compound Olanzapine bind?,ABCB1; ADRA1A; ADRA1B; ADRA2A; ADRA2B,39,The gene that olanzapine binds to is the serotonin receptor 2A (5-HT2AR).,ABCB1,True,False,True,,
q0035,downregulates,Which gene does the compound Equilin downregulate?,GNAS; OXA1L; RNF167; UGDH,4,Cytochrome P450 2E1 (CYP2E1),GNAS,True,False,True,,
q0036,resembles,Which compound does Diethylpropion resemble?,Amphetamine; Crotamiton; Dextroamphetamine; Etomidate; Hexylcaine,9,Caffeine,Amphetamine,True,False,True,,
q0037,downregulates,Which gene does the compound Azelastine downregulate?,C1QBP; CANT1; CDC45; DERA; DLD,19,OAS1,C1QBP,True,False,True,,
q0038,resembles,Which compound does Dobutamine resemble?,Dopamine; Fenoterol; Formoterol; Labetalol,4,Propranolol,Dopamine,True,False,True,,
q0039,upregulates,Which gene does the compound Procaine upregulate?,E2F2; MAMLD1; SGCB,3,I don't know.,E2F2,True,False,True,,
q0040,treats,Which disease does the compound Acitretin treat?,psoriasis,1,vitiligo,psoriasis,True,False,True,,
q0041,downregulates,Which gene does the compound Mifepristone downregulate?,ATP6V1D; CCNB1; CCNB2; KIF20A; MRPS2,11,P-glycoprotein,ATP6V1D,True,False,True,,
q0042,downregulates,Which gene does the compound Calcidiol downregulate?,CDC20; MRPL12; MRPS16; STUB1; VAT1,5,VDR,CDC20,True,False,True,,
q0043,associates,Which gene is associated with the disease penile cancer?,KIAA1033; SCN10A,2,MYH11,KIAA1033,True,False,True,,
q0044,associates,Which gene is associated with the disease type 2 diabetes mellitus?,AANAT; ABCC2; ABCC8; ACACA; ACE,275,Homo sapiens insulin gene (INS),Homo sapiens insulin gene (INS),False,True,True,,
q0045,upregulates,Which gene does the compound Tolmetin upregulate?,MAL,1,COX2,MAL,True,False,True,,
q0046,upregulates,Which gene does the compound Ceforanide upregulate?,BCL7B; C2CD5; CCND3; CES1; EML3,12,AcrB,BCL7B,True,False,True,,
q0047,upregulates,Which gene does the compound Triflupromazine upregulate?,ACAT2; ALDOC; CYP51A1; DHCR7; EBP,26,D2 receptor,ACAT2,True,False,True,,
q0048,upregulates,Which gene does the compound Trifluridine upregulate?,ATP1B1; CCND3; CDKN1A; CRIP1; CXCL2,14,CYP2B6,ATP1B1,True,False,True,,
q0049,associates,Which gene is associated with the disease intracranial aneurysm?,AGER; AOC3; ASAH1; BOLL; CCL2,23,ARHGEF3,AGER,True,False,True,,
q0050,treats,Which disease does the compound Phenobarbital treat?,epilepsy syndrome,1,epilepsy,epilepsy syndrome,True,False,True,,
q0051,treats,Which disease does the compound Metoprolol treat?,hypertension,1,Heart disease,hypertension,True,False,True,,
q0052,treats,Which disease does the compound Methoxsalen treat?,hematologic cancer; psoriasis; vitiligo,3,Melanoma,hematologic cancer,True,False,True,,
q0053,upregulates,Which gene does the compound Exemestane upregulate?,ABCB6; ABHD4; AKR1C1; AKR1C2; AKR1C3,31,AR (Androgen Receptor) Gene,ABCB6,True,False,True,,
q0054,associates,Which gene is associated with the disease ocular cancer?,AKT1; AZU1; BAP1; CCND1; CCND2,54,RB1,RB1,False,True,True,,
q0055,associates,Which gene is associated with the disease thymus cancer?,AKT1; BAP1; CD4; CD5; CD8A,19,MYC,AKT1,True,False,True,,
q0056,associates,Which gene is associated with the disease skin cancer?,ASIP; BAP1; BFSP1; BRAF; CDK4,69,BRCA2,ASIP,True,False,True,,
q0057,associates,Which gene is associated with the disease panic disorder?,ADORA2A; ADRA2A; CCK; CCKBR; COMT,16,The gene associated with panic disorder is typically referred to as the serotonin transporter gene (SLC6A4).,The gene associated with panic disorder is typically referred to as the serotonin transporter gene (SLC6A4).,False,True,True,,
q0058,associates,Which gene is associated with the disease dental caries?,ANGPTL6; CD79A; CDIPT; CNOT8; CPQ,13,TOF,ANGPTL6,True,False,True,,
q0059,associates,Which gene is associated with the disease head and neck cancer?,AKT1; APOBEC3B; AREG; ATP7B; BCL2,55,TP53,TP53,False,True,True,,
