qid,subject,n_graph_facts,graph_facts,A_frontier,A_correct,B_local,B_correct,C_prompt,C_correct,D_constrained,D_correct,E_both,E_correct,F_gateless,F_correct,D_intervention_rate,YOUR_VERDICT,NOTES
t000,Mepyramine,4,CYP2D6; HRH1; SLC22A4; SLC22A5,"HRH1, CYP2D6",2,"ADORA2A, ADRA1B",0,"CYP2D6, HRH1, SLC22A4, SLC22A5",4,"CYP2D6, SLC22A5",2,"CYP2D6, HRH1, SLC22A4, SLC22A5",4,"CYP2D6, SLC22A5, SLC22A4, HRH1",4,0.308,,
t001,Alvimopan,3,OPRD1; OPRK1; OPRM1,"OPRM1, OPRK1, OPRD1",3,I don't know,0,"OPRD1, OPRK1, OPRM1",3,"OPRM1, OPRD1",2,"OPRD1, OPRK1, OPRM1",3,"OPRM1, OPRD1, OPRK1",3,0.333,,
t002,Sotalol,3,ADRB1; ADRB2; KCNH2,"ADRB1, ADRB2, KCNH2",3,"KLF14, KLF9, NKX2-5",0,I don't know,0,"KCNH2, ADRB1, ADRB2",3,"ADRB1, ADRB2, KCNH2",3,"KCNH2, ADRB1, ADRB2",3,0.333,,
t003,Adenosine monophosphate,18,ACSL1; ACSS1; ACSS2; ADCY1; ADK; AMPD1; APRT; CREB1; FBP1; HINT1; PDE4B; PDE4D; PIM1; PRKAA1; PRKAB1; PRKAB2; PYGL; SRC,"PRKAA1, PRKAA2, PRKAB1, PRKAG1, AMPD1, ADSL, ATIC, ADORA1",3,"ADORA2A, ADORA3",0,"AMPD1, PDE4B, PDE4D",3,"ADK, ADCY1, ACSS2, ACSS1, ACSL1, PDE4B, PDE4D, PIM1, PRKAA1, PRKAB1, PRKAB2, HINT1, FBP1, PYGL",14,"AMPD1, ADCY1, ACSS2, ACSL1, APRT, PDE4B, PDE4D, PIM1, PRKAA1, PRKAB1, PRKAB2, PYGL, SRC",13,"ADK, ADCY1, ACSS2, ACSS1, ACSL1, PDE4B, PDE4D, PIM1, PRKAA1, PRKAB1, PRKAB2, HINT1, FBP1, PYGL, CREB1, SRC, APRT, AMPD1",18,0.424,,
t004,Metoclopramide,9,CHRM1; CYP11B1; CYP11B2; CYP17A1; CYP2D6; DRD2; DRD3; HTR3A; HTR4,"DRD2, DRD3, HTR4, HTR3A",4,"D2R, D3R, DRG1",0,I don't know,0,"DRD2, HTR3A, HTR4",3,"CHRM1, CYP11B1, CYP11B2, CYP17A1, CYP2D6, DRD2, DRD3, HTR3A, HTR4",9,"DRD2, HTR3A, HTR4, DRD3, CHRM1, CYP2D6, CYP17A1, CYP11B1, CYP11B2",9,0.308,,
t005,Felodipine,23,ABCB1; CACNA1C; CACNA1D; CACNA1H; CACNA1S; CACNA2D1; CACNA2D2; CACNB2; CALM1; CALM2; CALM3; CYP2C8; CYP2C9; CYP2D6; CYP3A4; CYP3A5; CYP3A7; CYP3A7-CYP3A51P; NR3C2; PDE1A; PDE1B; TNNC1; TNNC2,"CACNA1C, CACNA1D, CACNA1S, CACNA2D1",4,I don't know,0,I don't know,0,"CACNA1C, CACNB2",2,"ABCB1, CACNA1C, CACNA1D, CACNA1H, CACNA1S, CACNA2D1, CACNA2D2, CACNB2, CALM1, CALM2, CALM3, CYP2C8, CYP2C9, CYP2D6, CYP3A4, CYP3A5, CYP3A7, CYP3A7-CYP3A51P, NR3C2, PDE1A, PDE1B, TNNC1, TNNC2",23,"CACNA1C, CACNB2, CACNA1D, CACNA1H, CACNA1S, CACNA2D1, CACNA2D2, CYP3A4, CYP3A5, CYP3A7, CYP3A7-CYP3A51P, CYP2C9, CYP2C8, CYP2D6, ABCB1, PDE1A, PDE1B, TNNC1, TNNC2, CALM1, CALM2, CALM3, NR3C2",23,0.1,,
t006,nicotine dependence,19,AKR1B10; ANKK1; CCAR1; CHRNA10; CHRNA3; CHRNA4; CHRNA5; CHRNA6; CHRNB2; CHRNB3; CHRNB4; CYP2A7; DRD2; FGD1; GABRA4; OPRM1; TAS2R16; WASF1; WASF2,"CHRNA5, CHRNA3, CHRNB4, CYP2A6, DRD2, ANKK1, BDNF, CHRNA4, DBH",6,"CHRNA5, CHRNA7, CHRNB4, CHRNA6",3,"AKR1B10, ANKK1, CCAR1, CHRNA10, CHRNA3, CHRNA4, CHRNA5, CHRNA6, CHRNB2, CHRNB3, CHRNB4, CYP2A7, DRD2, FGD1, GABRA4, OPRM1, TAS2R16, WASF1, WASF2",19,"CHRNA5, CHRNA6, CHRNB4, CHRNA3, CHRNA10",5,"AKR1B10, ANKK1, CCAR1, CHRNA10, CHRNA3, CHRNA4, CHRNA5, CHRNA6, CHRNB2, CHRNB3, CHRNB4, CYP2A7, DRD2, FGD1, GABRA4, OPRM1, TAS2R16, WASF1, WASF2",19,"CHRNA5, CHRNA6, CHRNB4, CHRNA3, CHRNA10, OPRM1, DRD2, FGD1, CYP2A7, GABRA4, ANKK1, TAS2R16, CHRNB2, CHRNB3, CHRNA4, CCAR1, AKR1B10, WASF2, WASF1",19,0.19,,
t007,Ciprofloxacin,7,ABCB1; CYP1A2; CYP3A4; CYP3A5; CYP3A7; CYP3A7-CYP3A51P; TOP2A,"CYP1A2, ABCB1, TOP2A, GABRA1",3,Ciprofloxacin binds to several genes including: - gyrA - gyrB - parC - parE,0,"ABCB1, CYP3A4, CYP3A5, CYP3A51P, CYP3A7",4,"CYP3A4, CYP1A2, CYP3A5",3,"ABCB1, CYP1A2, CYP3A4, CYP3A5, CYP3A7, CYP3A7-CYP3A51P, TOP2A",7,"CYP3A4, CYP1A2, CYP3A5, CYP3A7, CYP3A7-CYP3A51P, ABCB1, TOP2A",7,0.222,,
t008,Meloxicam,7,ABCC4; CYP2C8; CYP2C9; CYP3A4; PGD; PTGS1; PTGS2,"PTGS2, PTGS1",2,"CYP2C9, CYP2C19, VKORC1",1,"ABCC4, CYP2C8, CYP2C9, CYP3A4, PGD, PTGS1, PTGS2",7,"CYP2C9, CYP2C8, CYP3A4, ABCC4",4,"ABCC4, CYP2C8, CYP2C9, CYP3A4, PGD, PTGS1, PTGS2",7,"CYP2C9, CYP2C8, CYP3A4, ABCC4, PTGS2, PGD, PTGS1",7,0.182,,
t009,Moclobemide,6,CYP1A2; CYP2C19; CYP2C9; CYP2D6; MAOA; MAOB,"MAOA, MAOB",2,"CYP2D6, CYP1A2",2,"CYP2C19, CYP2C9, CYP2D6",3,"CYP2D6, CYP1A2",2,"CYP1A2, CYP2C19, CYP2C9, CYP2D6, MAOA, MAOB",6,"CYP2D6, CYP1A2, CYP2C19, CYP2C9, MAOA, MAOB",6,0.0,,
t010,Pipotiazine,10,ALB; CYP1A2; CYP2C19; CYP2D6; CYP3A4; DRD1; DRD2; HTR1A; HTR2A; SLC22A1,"DRD2, DRD1, HTR2A, ADRA1A, HRH1, CHRM1",3,I don't know,0,I don't know,0,"CYP2D6, CYP1A2",2,"DRD1, DRD2, HTR1A, HTR2A, SLC22A1",5,"CYP2D6, CYP1A2, CYP3A4, CYP2C19, SLC22A1, ALB, HTR1A, HTR2A, DRD2, DRD1",10,0.083,,
t011,Lomitapide,3,ABCB1; CYP3A4; MTTP,MTTP,1,"JAZF1, JAZF2, JAZF3",0,"ABCB1, CYP3A4, MTTP",3,"ABCB1, CYP3A4, MTTP",3,"ABCB1, CYP3A4, MTTP",3,"ABCB1, CYP3A4, MTTP",3,0.308,,
t012,otosclerosis,4,A1BG; COL1A1; RELN; TGFB1,"COL1A1, TGFB1, RELN, MEPE, SERPINF1, BMP2, BMP4",3,"SLC26A4, ITGB3, PCDH15",0,"A1BG, COL1A1, RELN, TGFB1",4,"A1BG, COL1A1, TGFB1, RELN",4,"A1BG, COL1A1, RELN, TGFB1",4,"A1BG, COL1A1, TGFB1, RELN",4,0.625,,
t013,Alprostadil,8,ABCC4; ABCC5; PTGER1; PTGER2; PTGIR; SLCO2A1; SLCO2B1; SLCO3A1,"PTGER1, PTGER2, PTGER3, PTGER4",2,"NOTCH3, ADAMTS10",0,"ABCC4, ABCC5, PTGER1, PTGER2, PTGIR, SLCO2A1, SLCO2B1, SLCO3A1",8,"PTGIR, PTGER1, PTGER2, ABCC5",4,"ABCC4, ABCC5, PTGER1, PTGER2, PTGIR, SLCO2A1, SLCO2B1, SLCO3A1",8,"PTGIR, PTGER1, PTGER2, ABCC5, ABCC4, SLCO3A1, SLCO2B1, SLCO2A1",8,0.438,,
t014,Aminocaproic Acid,3,AOX1; PLAT; PLG,"PLG, PLAT",2,"DPPC, ADAMTS13",0,"PLAT, PLG",2,"PLG, PLAT",2,"AOX1, PLAT, PLG",3,"PLG, PLAT, AOX1",3,0.667,,
t015,Niflumic Acid,8,CLCNKA; PLA2G1B; PLA2G4A; PTGS1; PTGS2; SLC16A1; SLC16A7; UGT1A9,"PTGS1, PTGS2, ANO1, CFTR",2,I don't know,0,"CLCNKA, PLA2G1B, PLA2G4A, PTGS1, PTGS2, SLC16A1, SLC16A7, UGT1A9",8,"SLC16A1, SLC16A7",2,"SLC16A1, SLC16A7, UGT1A9",3,"SLC16A1, SLC16A7, UGT1A9, CLCNKA, PTGS2, PTGS1, PLA2G4A, PLA2G1B",8,0.357,,
t016,Tramadol,11,CHRM3; CYP2B6; CYP2D6; CYP3A4; GRIN3A; HTR2C; OPRD1; OPRK1; OPRM1; SLC6A2; SLC6A4,"OPRM1, SLC6A4, SLC6A2, CYP2D6",4,"ADORA2A, OPRM1",1,"CHRM3, CYP2B6, CYP2D6, CYP3A4, GRIN3A, HTR2C, OPRD1, OPRK1, OPRM1, SLC6A2, SLC6A4",11,"CYP2D6, CYP3A4, CYP2B6",3,"CHRM3, CYP2B6, CYP2D6, CYP3A4, GRIN3A, HTR2C, OPRD1, OPRK1, OPRM1, SLC6A2, SLC6A4",11,"CYP2D6, CYP3A4, CYP2B6, OPRM1, OPRD1, OPRK1, HTR2C, CHRM3, SLC6A4, SLC6A2, GRIN3A",11,0.111,,
t017,Creutzfeldt-Jakob disease,7,CTSD; HLA-DQB1; MTMR7; NPAS2; PRND; PRNP; YWHAZ,"PRNP, PRND, SPRN",2,"FTPR, PRNP",1,"PRNP, PRND, CTSD",3,"CTSD, PRNP",2,"PRNP, CTSD, MTMR7, HLA-DQB1, NPAS2, YWHAZ, PRND",7,"CTSD, PRNP, PRND, HLA-DQB1, MTMR7, NPAS2, YWHAZ",7,0.333,,
t018,pharynx cancer,16,ADH1B; ADH7; B4GALT5; BPIFA1; CCND1; CD6; CD79A; CDH1; CFAP45; CNDP2; EGFR; EIF2AK1; MMP8; PDLIM7; TMEM8B; TP53,"TP53, CDKN2A, PIK3CA, NOTCH1, FAT1, CASP8, HRAS",1,NOTES,0,"ADH1B, ADH7, B4GALT5, BPIFA1, CCND1, CD6, CD79A, CDH1, CFAP45, CNDP2, EGFR, EIF2AK1, MMP8, PDLIM7, TMEM8B, TP53",16,"TP53, CDH1, CD6, CCND1, EGFR, PDLIM7, BPIFA1, CNDP2, CD79A, B4GALT5",10,"ADH1B, ADH7, B4GALT5, BPIFA1, CCND1, CD6, CD79A, CDH1, CFAP45, CNDP2, EGFR, EIF2AK1, MMP8, PDLIM7, TMEM8B, TP53",16,"TP53, CDH1, CD6, CCND1, EGFR, PDLIM7, BPIFA1, CNDP2, CD79A, B4GALT5, ADH1B, CFAP45, TMEM8B, ADH7, EIF2AK1, MMP8",16,0.568,,
t019,degenerative disc disease,14,ADAMTS3; ADAMTS4; ADAMTS5; BMP2; CHST3; CILP; COL9A2; COL9A3; GDF5; MMP13; MMP3; PARK2; RPL34; SOX9,"COL9A2, COL9A3, COL11A1, ACAN, VDR, MMP3, THBS2, IL1A, IL6, ASPN",3,"NOTCH3, COL1A1, COL1A2",0,"ADAMTS3, ADAMTS4, ADAMTS5, BMP2, CHST3, CILP, COL9A2, COL9A3, GDF5, MMP13, MMP3, PARK2, RPL34, SOX9",14,"COL9A2, COL9A3",2,"ADAMTS3, ADAMTS4, ADAMTS5, BMP2, CHST3, CILP, COL9A2, COL9A3, GDF5, MMP13, MMP3, PARK2, RPL34, SOX9",14,"COL9A2, COL9A3, CILP, ADAMTS5, BMP2, MMP13, ADAMTS4, ADAMTS3, GDF5, MMP3, RPL34, SOX9, CHST3, PARK2",14,0.3,,
t020,Fuchs' endothelial dystrophy,6,COL8A1; COL8A2; FBXO7; ITGBL1; PTPRG; TCF4,"TCF4, COL8A2, SLC4A11, ZEB1, AGBL1, LOXHD1, KANK4",2,Fuchs' endothelial dystrophy is primarily associated with mutations in the following genes:  - CFH (C5 convertase) - C3  - PLEKHF1,0,"COL8A1, COL8A2",2,"ITGBL1, PTPRG",2,"COL8A1, COL8A2, FBXO7, ITGBL1, PTPRG, TCF4",6,"ITGBL1, PTPRG, COL8A2, COL8A1, TCF4, FBXO7",6,0.444,,
t021,gout,18,ABCG2; ALDH16A1; BCKDHA; CASP1; HPRT1; IL15; IL1RN; LRRC16A; NLRP3; POMC; PRPS1; PRPS2; SLC17A1; SLC17A3; SLC22A11; SLC22A12; SLC2A9; UMOD,"SLC2A9, ABCG2, SLC22A12, SLC17A1, SLC17A3, GCKR, PDZK1, SLC16A9, INHBC, RREB1, ALDH16A1",6,"NOTCH3, HMGCR",0,"ABCG2, ALDH16A1, BCKDHA, CASP1, HPRT1, IL15, IL1RN, LRRC16A, NLRP3, POMC, PRPS1, PRPS2, SLC17A1, SLC17A3, SLC22A11, SLC22A12, SLC2A9, UMOD",18,"ABCG2, SLC2A9, SLC22A11",3,"ABCG2, ALDH16A1, BCKDHA, CASP1, HPRT1, IL15, IL1RN, LRRC16A, NLRP3, POMC, PRPS1, PRPS2, SLC17A1, SLC17A3, SLC22A11, SLC22A12, SLC2A9, UMOD",18,"ABCG2, SLC2A9, SLC22A11, SLC22A12, SLC17A3, SLC17A1, UMOD, NLRP3, POMC, IL15, IL1RN, CASP1, PRPS1, ALDH16A1, LRRC16A, BCKDHA, PRPS2, HPRT1",18,0.222,,
t022,testicular cancer,23,ATF7IP; BCL10; DAZL; DMRT1; DNMT3L; ERCC1; ERCC4; FGFR3; GGN; H2AFZ; HPGDS; INSL3; KIT; KITLG; MAD1L1; MMP2; PITX1; PRDM14; RFWD3; SLC2A6; STK10; STK11; TFAP2C,"KITLG, SPRY4, BAK1, DMRT1, TERT, ATF7IP, DAZL, PRDM14, HPGDS",6,"ABCB1, TP53, PTEN, CDKN2A, RB1, BRCA2, STK11, PIK3CA, APC, SMAD4, NF1, DCC, NOTCH1, KIT, PTCH1, TGFB1, TGFBR2, MAPK8, MET, EGFR, KRAS, NRAS, BRAF, PIK3R1, PIK3CA, PIK3CD, PIK3CG, PIK3R3, PIK3R4, PIK3R5, PIK3R6, PIK3CE, PIK3C3, AKT1, AKT2, AKT3, CREBBP, EP300, CBX7, CHD8, ETS1, JAK2, STAT5B, MYC, CCN",2,"ATF7IP, BCL10, DAZL, DMRT1, DNMT3L, ERCC1, ERCC4, FGFR3, GGN, H2AFZ, HPGDS, INSL3, KIT, KITLG, MAD1L1, MMP2, PITX1, PRDM14, RFWD3, SLC2A6, STK10, STK11, TFAP2C",23,"ATF7IP, BCL10, DAZL, DNMT3L, GGN, H2AFZ, KIT, KITLG, PRDM14, SLC2A6, STK11, TFAP2C, INSL3, HPGDS, FGFR3, MMP2, STK10, ERCC1, ERCC4, MAD1L1, DMRT1, PITX1, RFWD3",23,"ATF7IP, BCL10, DAZL, DMRT1, DNMT3L, ERCC1, ERCC4, FGFR3, GGN, H2AFZ, HPGDS, INSL3, KIT, KITLG, MAD1L1, MMP2, PITX1, PRDM14, RFWD3, SLC2A6, STK10, STK11, TFAP2C",23,"ATF7IP, BCL10, DAZL, DNMT3L, GGN, H2AFZ, KIT, KITLG, PRDM14, SLC2A6, STK11, TFAP2C, INSL3, HPGDS, FGFR3, MMP2, STK10, ERCC1, ERCC4, MAD1L1, DMRT1, PITX1, RFWD3",23,0.5,,
t023,Kawasaki disease,14,ADCK4; BLK; CA8; CCR5; CD4; CD40; CENPU; CRP; FCGR2A; IL10; ITGAE; ITPKC; MMP9; VEGFA,"ITPKC, CASP3, FCGR2A, BLK, CD40, TGFB2, ORAI1",4,I don't know,0,"ADCK4, BLK, CA8, CCR5, CD4, CD40, CENPU, CRP, FCGR2A, IL10, ITGAE, ITPKC, MMP9, VEGFA",14,"ITGAE, FCGR2A, IL10, CCR5, CD4, CD40, CRP, CENPU, ADCK4, VEGFA, ITPKC, BLK, MMP9, CA8",14,"ADCK4, BLK, CA8, CCR5, CD4, CD40, CENPU, CRP, FCGR2A, IL10, ITGAE, ITPKC, MMP9, VEGFA",14,"ITGAE, FCGR2A, IL10, CCR5, CD4, CD40, CRP, CENPU, ADCK4, VEGFA, ITPKC, BLK, MMP9, CA8",14,0.596,,
t024,lymphatic system cancer,9,ALK; BCL6; CENPV; HNRNPH3; NPM1; PROX1; RRP8; TIA1; TNFRSF8,"BCL2, MYC, BCL6, TP53, CREBBP, EZH2, ATM, TNFRSF13B",1,NOTES,0,"ALK, BCL6, CENPV, HNRNPH3, NPM1, PROX1, RRP8, TIA1, TNFRSF8",9,"BCL6, TNFRSF8, TIA1, RRP8, HNRNPH3",5,"ALK, BCL6, CENPV, HNRNPH3, NPM1, PROX1, RRP8, TIA1, TNFRSF8",9,"BCL6, TNFRSF8, TIA1, RRP8, HNRNPH3, CENPV, NPM1, ALK, PROX1",9,0.609,,
t025,dental caries,13,ANGPTL6; CD79A; CDIPT; CNOT8; CPQ; DEDD; DMTF1; INO80; IRF6; LTF; LYZL2; SMARCA2; SMARCA4,"AMELX, ENAM, TUFT1, MMP20, KLK4, TAS2R38, AQP5, LTF, DEFB1",1,I don't know,0,"ANGPTL6, CD79A, CDIPT, CNOT8, CPQ, DEDD, DMTF1, INO80, IRF6, LTF, LYZL2, SMARCA2, SMARCA4",13,"DMTF1, DEDD, LTF, LYZL2",4,"ANGPTL6, CD79A, CDIPT, CNOT8, CPQ, DEDD, DMTF1, INO80, IRF6, LTF, LYZL2, SMARCA2, SMARCA4",13,"DMTF1, DEDD, LTF, LYZL2, CNOT8, CD79A, CDIPT, IRF6, SMARCA4, SMARCA2, ANGPTL6, INO80, CPQ",13,0.688,,
t026,intracranial aneurysm,23,AGER; AOC3; ASAH1; BOLL; CCL2; CNNM2; CST3; CTSB; CTSK; CTSS; EDNRA; ELN; MMP2; MMP9; NCF1; NOS3; RBBP8; SLC25A16; SOX17; STARD13; TIMP1; TIMP2; TMEM132B,"CDKN2B-AS1, SOX17, EDNRA, COL3A1, ELN, THSD1, RNF213",3,"NOTCH3, TMEM106B",0,"AGER, AOC3, ASAH1, BOLL, CCL2, CNNM2, CST3, CTSB, CTSK, CTSS, EDNRA, ELN, MMP2, MMP9, NCF1, NOS3, RBBP8, SLC25A16, SOX17, STARD13, TIMP1, TIMP2, TMEM132B",23,"CST3, TMEM132B, CTSB, RBBP8, NOS3",5,"AGER, AOC3, ASAH1, BOLL, CCL2, CNNM2, CST3, CTSB, CTSK, CTSS, EDNRA, ELN, MMP2, MMP9, NCF1, NOS3, RBBP8, SLC25A16, SOX17, STARD13, TIMP1, TIMP2, TMEM132B",23,"CST3, TMEM132B, CTSB, RBBP8, NOS3, SLC25A16, STARD13, AGER, CTSK, MMP2, MMP9, CTSS, CCL2, TIMP1, TIMP2, BOLL, NCF1, AOC3, ELN, EDNRA, ASAH1, SOX17, CNNM2",23,0.542,,
t027,fallopian tube cancer,3,BRCA2; INHA; TSPAN9,"BRCA1, BRCA2, TP53, MSH2, MLH1",1,I don't know,0,I don't know,0,"BRCA2, TSPAN9",2,"BRCA2, INHA, TSPAN9",3,"BRCA2, TSPAN9, INHA",3,0.625,,
t028,vulva cancer,6,KRT20; KRT7; NHS; PIP; RREB1; SLC10A2,"TP53, CDKN2A, PIK3CA, EGFR",0,I don't know,0,"KRT20, KRT7, NHS, PIP, RREB1, SLC10A2",6,"KRT7, KRT20, PIP, RREB1",4,"KRT20, KRT7, NHS, PIP, RREB1, SLC10A2",6,"KRT7, KRT20, PIP, RREB1, SLC10A2, NHS",6,0.529,,
t029,Paget's disease of bone,16,ALPL; ALPP; ALPPL2; BGLAP; CALCA; CSF1; DCSTAMP; INPP5D; NUP205; OPTN; PML; RIN3; SQSTM1; TNFRSF11A; TNFRSF11B; VCP,"SQSTM1, TNFRSF11A, TNFRSF11B, CSF1, OPTN, DCSTAMP, VCP, RIN3, NUP205",9,"NOTCH3, RUNX2",0,"ALPL, ALPP, ALPPL2, BGLAP, CALCA, CSF1, DCSTAMP, INPP5D, NUP205, OPTN, PML, RIN3, SQSTM1, TNFRSF11A, TNFRSF11B, VCP",16,"PML, RIN3",2,"ALPL, ALPP, ALPPL2, BGLAP, CALCA, CSF1, DCSTAMP, INPP5D, NUP205, OPTN, PML, RIN3, SQSTM1, TNFRSF11A, TNFRSF11B, VCP",16,"PML, RIN3, TNFRSF11B, BGLAP, ALPL, CSF1, TNFRSF11A, NUP205, VCP, OPTN, SQSTM1, CALCA, INPP5D, ALPPL2, ALPP, DCSTAMP",16,0.857,,
